total_days,total_hours,total_minutes,num_alive_cells_radius_0_to_150,num_dead_cells_radius_0_to_150,total_num_cells_radius_0_to_150,num_alive_tumor_cells_radius_0_to_150,total_num_tumor_cells_radius_0_to_150,num_alive_cart_cells_radius_0_to_150,num_dead_cart_cells_radius_0_to_150,tumor_cells_type1_radius_0_to_150,tumor_cells_type2_radius_0_to_150,tumor_cells_type3_radius_0_to_150,tumor_cells_type4_radius_0_to_150,tumor_cells_type5_dead_radius_0_to_150,average_oncoprotein_radius_0_to_150,average_oxygen_cancer_cells_radius_0_to_150,average_oxygen_all_cells_radius_0_to_150,average_glucose_cancer_cells_radius_0_to_150,average_glucose_all_cells_radius_0_to_150,num_alive_cells_radius_150_to_300,num_dead_cells_radius_150_to_300,total_num_cells_radius_150_to_300,num_alive_tumor_cells_radius_150_to_300,total_num_tumor_cells_radius_150_to_300,num_alive_cart_cells_radius_150_to_300,num_dead_cart_cells_radius_150_to_300,tumor_cells_type1_radius_150_to_300,tumor_cells_type2_radius_150_to_300,tumor_cells_type3_radius_150_to_300,tumor_cells_type4_radius_150_to_300,tumor_cells_type5_dead_radius_150_to_300,average_oncoprotein_radius_150_to_300,average_oxygen_cancer_cells_radius_150_to_300,average_oxygen_all_cells_radius_150_to_300,average_glucose_cancer_cells_radius_150_to_300,average_glucose_all_cells_radius_150_to_300,num_alive_cells_radius_300_to_450,num_dead_cells_radius_300_to_450,total_num_cells_radius_300_to_450,num_alive_tumor_cells_radius_300_to_450,total_num_tumor_cells_radius_300_to_450,num_alive_cart_cells_radius_300_to_450,num_dead_cart_cells_radius_300_to_450,tumor_cells_type1_radius_300_to_450,tumor_cells_type2_radius_300_to_450,tumor_cells_type3_radius_300_to_450,tumor_cells_type4_radius_300_to_450,tumor_cells_type5_dead_radius_300_to_450,average_oncoprotein_radius_300_to_450,average_oxygen_cancer_cells_radius_300_to_450,average_oxygen_all_cells_radius_300_to_450,average_glucose_cancer_cells_radius_300_to_450,average_glucose_all_cells_radius_300_to_450,num_alive_cells_radius_450_to_600,num_dead_cells_radius_450_to_600,total_num_cells_radius_450_to_600,num_alive_tumor_cells_radius_450_to_600,total_num_tumor_cells_radius_450_to_600,num_alive_cart_cells_radius_450_to_600,num_dead_cart_cells_radius_450_to_600,tumor_cells_type1_radius_450_to_600,tumor_cells_type2_radius_450_to_600,tumor_cells_type3_radius_450_to_600,tumor_cells_type4_radius_450_to_600,tumor_cells_type5_dead_radius_450_to_600,average_oncoprotein_radius_450_to_600,average_oxygen_cancer_cells_radius_450_to_600,average_oxygen_all_cells_radius_450_to_600,average_glucose_cancer_cells_radius_450_to_600,average_glucose_all_cells_radius_450_to_600,num_alive_cells_radius_600_to_750,num_dead_cells_radius_600_to_750,total_num_cells_radius_600_to_750,num_alive_tumor_cells_radius_600_to_750,total_num_tumor_cells_radius_600_to_750,num_alive_cart_cells_radius_600_to_750,num_dead_cart_cells_radius_600_to_750,tumor_cells_type1_radius_600_to_750,tumor_cells_type2_radius_600_to_750,tumor_cells_type3_radius_600_to_750,tumor_cells_type4_radius_600_to_750,tumor_cells_type5_dead_radius_600_to_750,average_oncoprotein_radius_600_to_750,average_oxygen_cancer_cells_radius_600_to_750,average_oxygen_all_cells_radius_600_to_750,average_glucose_cancer_cells_radius_600_to_750,average_glucose_all_cells_radius_600_to_750,num_alive_cells_radius_750_to_900,num_dead_cells_radius_750_to_900,total_num_cells_radius_750_to_900,num_alive_tumor_cells_radius_750_to_900,total_num_tumor_cells_radius_750_to_900,num_alive_cart_cells_radius_750_to_900,num_dead_cart_cells_radius_750_to_900,tumor_cells_type1_radius_750_to_900,tumor_cells_type2_radius_750_to_900,tumor_cells_type3_radius_750_to_900,tumor_cells_type4_radius_750_to_900,tumor_cells_type5_dead_radius_750_to_900,average_oncoprotein_radius_750_to_900,average_oxygen_cancer_cells_radius_750_to_900,average_oxygen_all_cells_radius_750_to_900,average_glucose_cancer_cells_radius_750_to_900,average_glucose_all_cells_radius_750_to_900,num_alive_cells_radius_900_to_1050,num_dead_cells_radius_900_to_1050,total_num_cells_radius_900_to_1050,num_alive_tumor_cells_radius_900_to_1050,total_num_tumor_cells_radius_900_to_1050,num_alive_cart_cells_radius_900_to_1050,num_dead_cart_cells_radius_900_to_1050,tumor_cells_type1_radius_900_to_1050,tumor_cells_type2_radius_900_to_1050,tumor_cells_type3_radius_900_to_1050,tumor_cells_type4_radius_900_to_1050,tumor_cells_type5_dead_radius_900_to_1050,average_oncoprotein_radius_900_to_1050,average_oxygen_cancer_cells_radius_900_to_1050,average_oxygen_all_cells_radius_900_to_1050,average_glucose_cancer_cells_radius_900_to_1050,average_glucose_all_cells_radius_900_to_1050,num_alive_cells_radius_1050_to_1200,num_dead_cells_radius_1050_to_1200,total_num_cells_radius_1050_to_1200,num_alive_tumor_cells_radius_1050_to_1200,total_num_tumor_cells_radius_1050_to_1200,num_alive_cart_cells_radius_1050_to_1200,num_dead_cart_cells_radius_1050_to_1200,tumor_cells_type1_radius_1050_to_1200,tumor_cells_type2_radius_1050_to_1200,tumor_cells_type3_radius_1050_to_1200,tumor_cells_type4_radius_1050_to_1200,tumor_cells_type5_dead_radius_1050_to_1200,average_oncoprotein_radius_1050_to_1200,average_oxygen_cancer_cells_radius_1050_to_1200,average_oxygen_all_cells_radius_1050_to_1200,average_glucose_cancer_cells_radius_1050_to_1200,average_glucose_all_cells_radius_1050_to_1200,num_alive_cells_radius_1200_to_1350,num_dead_cells_radius_1200_to_1350,total_num_cells_radius_1200_to_1350,num_alive_tumor_cells_radius_1200_to_1350,total_num_tumor_cells_radius_1200_to_1350,num_alive_cart_cells_radius_1200_to_1350,num_dead_cart_cells_radius_1200_to_1350,tumor_cells_type1_radius_1200_to_1350,tumor_cells_type2_radius_1200_to_1350,tumor_cells_type3_radius_1200_to_1350,tumor_cells_type4_radius_1200_to_1350,tumor_cells_type5_dead_radius_1200_to_1350,average_oncoprotein_radius_1200_to_1350,average_oxygen_cancer_cells_radius_1200_to_1350,average_oxygen_all_cells_radius_1200_to_1350,average_glucose_cancer_cells_radius_1200_to_1350,average_glucose_all_cells_radius_1200_to_1350,num_alive_cells_radius_1350_to_1500,num_dead_cells_radius_1350_to_1500,total_num_cells_radius_1350_to_1500,num_alive_tumor_cells_radius_1350_to_1500,total_num_tumor_cells_radius_1350_to_1500,num_alive_cart_cells_radius_1350_to_1500,num_dead_cart_cells_radius_1350_to_1500,tumor_cells_type1_radius_1350_to_1500,tumor_cells_type2_radius_1350_to_1500,tumor_cells_type3_radius_1350_to_1500,tumor_cells_type4_radius_1350_to_1500,tumor_cells_type5_dead_radius_1350_to_1500,average_oncoprotein_radius_1350_to_1500,average_oxygen_cancer_cells_radius_1350_to_1500,average_oxygen_all_cells_radius_1350_to_1500,average_glucose_cancer_cells_radius_1350_to_1500,average_glucose_all_cells_radius_1350_to_1500,num_alive_cells_radius_1500_to_1650,num_dead_cells_radius_1500_to_1650,total_num_cells_radius_1500_to_1650,num_alive_tumor_cells_radius_1500_to_1650,total_num_tumor_cells_radius_1500_to_1650,num_alive_cart_cells_radius_1500_to_1650,num_dead_cart_cells_radius_1500_to_1650,tumor_cells_type1_radius_1500_to_1650,tumor_cells_type2_radius_1500_to_1650,tumor_cells_type3_radius_1500_to_1650,tumor_cells_type4_radius_1500_to_1650,tumor_cells_type5_dead_radius_1500_to_1650,average_oncoprotein_radius_1500_to_1650,average_oxygen_cancer_cells_radius_1500_to_1650,average_oxygen_all_cells_radius_1500_to_1650,average_glucose_cancer_cells_radius_1500_to_1650,average_glucose_all_cells_radius_1500_to_1650,num_alive_cells_radius_1650_to_1800,num_dead_cells_radius_1650_to_1800,total_num_cells_radius_1650_to_1800,num_alive_tumor_cells_radius_1650_to_1800,total_num_tumor_cells_radius_1650_to_1800,num_alive_cart_cells_radius_1650_to_1800,num_dead_cart_cells_radius_1650_to_1800,tumor_cells_type1_radius_1650_to_1800,tumor_cells_type2_radius_1650_to_1800,tumor_cells_type3_radius_1650_to_1800,tumor_cells_type4_radius_1650_to_1800,tumor_cells_type5_dead_radius_1650_to_1800,average_oncoprotein_radius_1650_to_1800,average_oxygen_cancer_cells_radius_1650_to_1800,average_oxygen_all_cells_radius_1650_to_1800,average_glucose_cancer_cells_radius_1650_to_1800,average_glucose_all_cells_radius_1650_to_1800,num_alive_cells_radius_1800_to_1950,num_dead_cells_radius_1800_to_1950,total_num_cells_radius_1800_to_1950,num_alive_tumor_cells_radius_1800_to_1950,total_num_tumor_cells_radius_1800_to_1950,num_alive_cart_cells_radius_1800_to_1950,num_dead_cart_cells_radius_1800_to_1950,tumor_cells_type1_radius_1800_to_1950,tumor_cells_type2_radius_1800_to_1950,tumor_cells_type3_radius_1800_to_1950,tumor_cells_type4_radius_1800_to_1950,tumor_cells_type5_dead_radius_1800_to_1950,average_oncoprotein_radius_1800_to_1950,average_oxygen_cancer_cells_radius_1800_to_1950,average_oxygen_all_cells_radius_1800_to_1950,average_glucose_cancer_cells_radius_1800_to_1950,average_glucose_all_cells_radius_1800_to_1950,num_alive_cells_radius_1950_to_2100,num_dead_cells_radius_1950_to_2100,total_num_cells_radius_1950_to_2100,num_alive_tumor_cells_radius_1950_to_2100,total_num_tumor_cells_radius_1950_to_2100,num_alive_cart_cells_radius_1950_to_2100,num_dead_cart_cells_radius_1950_to_2100,tumor_cells_type1_radius_1950_to_2100,tumor_cells_type2_radius_1950_to_2100,tumor_cells_type3_radius_1950_to_2100,tumor_cells_type4_radius_1950_to_2100,tumor_cells_type5_dead_radius_1950_to_2100,average_oncoprotein_radius_1950_to_2100,average_oxygen_cancer_cells_radius_1950_to_2100,average_oxygen_all_cells_radius_1950_to_2100,average_glucose_cancer_cells_radius_1950_to_2100,average_glucose_all_cells_radius_1950_to_2100,num_alive_cells_radius_2100_to_2250,num_dead_cells_radius_2100_to_2250,total_num_cells_radius_2100_to_2250,num_alive_tumor_cells_radius_2100_to_2250,total_num_tumor_cells_radius_2100_to_2250,num_alive_cart_cells_radius_2100_to_2250,num_dead_cart_cells_radius_2100_to_2250,tumor_cells_type1_radius_2100_to_2250,tumor_cells_type2_radius_2100_to_2250,tumor_cells_type3_radius_2100_to_2250,tumor_cells_type4_radius_2100_to_2250,tumor_cells_type5_dead_radius_2100_to_2250,average_oncoprotein_radius_2100_to_2250,average_oxygen_cancer_cells_radius_2100_to_2250,average_oxygen_all_cells_radius_2100_to_2250,average_glucose_cancer_cells_radius_2100_to_2250,average_glucose_all_cells_radius_2100_to_2250,num_alive_cells_radius_2250_to_2400,num_dead_cells_radius_2250_to_2400,total_num_cells_radius_2250_to_2400,num_alive_tumor_cells_radius_2250_to_2400,total_num_tumor_cells_radius_2250_to_2400,num_alive_cart_cells_radius_2250_to_2400,num_dead_cart_cells_radius_2250_to_2400,tumor_cells_type1_radius_2250_to_2400,tumor_cells_type2_radius_2250_to_2400,tumor_cells_type3_radius_2250_to_2400,tumor_cells_type4_radius_2250_to_2400,tumor_cells_type5_dead_radius_2250_to_2400,average_oncoprotein_radius_2250_to_2400,average_oxygen_cancer_cells_radius_2250_to_2400,average_oxygen_all_cells_radius_2250_to_2400,average_glucose_cancer_cells_radius_2250_to_2400,average_glucose_all_cells_radius_2250_to_2400,num_alive_cells_radius_2400_to_2550,num_dead_cells_radius_2400_to_2550,total_num_cells_radius_2400_to_2550,num_alive_tumor_cells_radius_2400_to_2550,total_num_tumor_cells_radius_2400_to_2550,num_alive_cart_cells_radius_2400_to_2550,num_dead_cart_cells_radius_2400_to_2550,tumor_cells_type1_radius_2400_to_2550,tumor_cells_type2_radius_2400_to_2550,tumor_cells_type3_radius_2400_to_2550,tumor_cells_type4_radius_2400_to_2550,tumor_cells_type5_dead_radius_2400_to_2550,average_oncoprotein_radius_2400_to_2550,average_oxygen_cancer_cells_radius_2400_to_2550,average_oxygen_all_cells_radius_2400_to_2550,average_glucose_cancer_cells_radius_2400_to_2550,average_glucose_all_cells_radius_2400_to_2550,num_alive_cells_radius_2550_to_2700,num_dead_cells_radius_2550_to_2700,total_num_cells_radius_2550_to_2700,num_alive_tumor_cells_radius_2550_to_2700,total_num_tumor_cells_radius_2550_to_2700,num_alive_cart_cells_radius_2550_to_2700,num_dead_cart_cells_radius_2550_to_2700,tumor_cells_type1_radius_2550_to_2700,tumor_cells_type2_radius_2550_to_2700,tumor_cells_type3_radius_2550_to_2700,tumor_cells_type4_radius_2550_to_2700,tumor_cells_type5_dead_radius_2550_to_2700,average_oncoprotein_radius_2550_to_2700,average_oxygen_cancer_cells_radius_2550_to_2700,average_oxygen_all_cells_radius_2550_to_2700,average_glucose_cancer_cells_radius_2550_to_2700,average_glucose_all_cells_radius_2550_to_2700,num_alive_cells_radius_2700_to_2850,num_dead_cells_radius_2700_to_2850,total_num_cells_radius_2700_to_2850,num_alive_tumor_cells_radius_2700_to_2850,total_num_tumor_cells_radius_2700_to_2850,num_alive_cart_cells_radius_2700_to_2850,num_dead_cart_cells_radius_2700_to_2850,tumor_cells_type1_radius_2700_to_2850,tumor_cells_type2_radius_2700_to_2850,tumor_cells_type3_radius_2700_to_2850,tumor_cells_type4_radius_2700_to_2850,tumor_cells_type5_dead_radius_2700_to_2850,average_oncoprotein_radius_2700_to_2850,average_oxygen_cancer_cells_radius_2700_to_2850,average_oxygen_all_cells_radius_2700_to_2850,average_glucose_cancer_cells_radius_2700_to_2850,average_glucose_all_cells_radius_2700_to_2850,num_alive_cells_radius_2850_to_3000,num_dead_cells_radius_2850_to_3000,total_num_cells_radius_2850_to_3000,num_alive_tumor_cells_radius_2850_to_3000,total_num_tumor_cells_radius_2850_to_3000,num_alive_cart_cells_radius_2850_to_3000,num_dead_cart_cells_radius_2850_to_3000,tumor_cells_type1_radius_2850_to_3000,tumor_cells_type2_radius_2850_to_3000,tumor_cells_type3_radius_2850_to_3000,tumor_cells_type4_radius_2850_to_3000,tumor_cells_type5_dead_radius_2850_to_3000,average_oncoprotein_radius_2850_to_3000,average_oxygen_cancer_cells_radius_2850_to_3000,average_oxygen_all_cells_radius_2850_to_3000,average_glucose_cancer_cells_radius_2850_to_3000,average_glucose_all_cells_radius_2850_to_3000
0,0,0,65,0,65,65,65,0,0,0,65,0,0,0,1,0,0,24.98,24.98,208,0,208,208,208,0,0,0,208,0,0,0,1,0,0,24.98,24.98,335,0,335,335,335,0,0,0,335,0,0,0,1,0,0,24.98,24.98,501,0,501,501,501,0,0,0,501,0,0,0,1,0,0,24.98,24.98,602,0,602,602,602,0,0,0,602,0,0,0,1,0,0,24.98,24.98,786,0,786,786,786,0,0,0,786,0,0,0,1,0,0,24.98,24.98,877,0,877,877,877,0,0,0,877,0,0,0,1,0,0,24.98,24.98,1127,0,1127,1127,1127,0,0,0,1127,0,0,0,1,0,0,24.98,24.98,1235,0,1235,1235,1235,0,0,0,1235,0,0,0,1,0,0,24.98,24.98,1333,0,1333,1333,1333,0,0,0,1333,0,0,0,1,0,0,24.98,24.98,1545,0,1545,1545,1545,0,0,0,1545,0,0,0,1,0,0,24.98,24.98,1638,0,1638,1638,1638,0,0,0,1638,0,0,0,1,0,0,24.98,24.98,1689,1,1690,1689,1690,0,0,0,1689,0,0,1,1,0,0,24.98,24.98,1878,0,1878,1878,1878,0,0,0,1878,0,0,0,1,0,0,24.98,24.98,2039,0,2039,2039,2039,0,0,0,2039,0,0,0,1,0,0,24.98,24.98,2147,0,2147,2147,2147,0,0,0,2147,0,0,0,1,0,0,24.98,24.98,2335,0,2335,2335,2335,0,0,0,2335,0,0,0,1,0,0,24.98,24.98,2374,0,2374,2374,2374,0,0,0,2374,0,0,0,1,0,0,24.98,24.98,2615,0,2615,2615,2615,0,0,0,2615,0,0,0,1,0,0,24.98,24.98,2669,1,2670,2669,2670,0,0,0,2669,0,0,1,1,0,0,24.98,24.98
0.0416667,1,60,65,0,65,65,65,0,0,0,65,0,0,0,1,5.16515,5.16515,24.1193,24.1193,208,0,208,208,208,0,0,0,208,0,0,0,1,5.29339,5.29339,24.119,24.119,335,0,335,335,335,0,0,0,335,0,0,0,1,5.56982,5.56982,24.1187,24.1187,500,1,501,500,501,0,0,0,500,0,0,1,1,6.01807,6.01807,24.1182,24.1182,602,0,602,602,602,0,0,0,602,0,0,0,1,6.62894,6.62894,24.118,24.118,786,0,786,786,786,0,0,0,786,0,0,0,1,7.45044,7.45044,24.1177,24.1177,878,0,878,878,878,0,0,0,878,0,0,0,1,8.45465,8.45465,24.1177,24.1177,1127,1,1128,1127,1128,0,0,0,1127,0,0,1,1,9.82747,9.82747,24.1177,24.1177,1232,1,1233,1232,1233,0,0,0,1232,0,0,1,1,11.5118,11.5118,24.1201,24.1201,1334,0,1334,1334,1334,0,0,0,1334,0,0,0,1,13.6731,13.6731,24.1228,24.1228,1544,0,1544,1544,1544,0,0,0,1544,0,0,0,1,16.3118,16.3118,24.1269,24.1269,1638,0,1638,1638,1638,0,0,0,1638,0,0,0,1,19.4761,19.4761,24.1327,24.1327,1688,2,1690,1688,1690,0,0,0,1688,0,0,2,1,23.4917,23.4917,24.1403,24.1403,1877,0,1877,1877,1877,0,0,0,1877,0,0,0,1,28.3429,28.3429,24.1491,24.1491,2040,1,2041,2040,2041,0,0,0,2040,0,0,1,1,34.512,34.512,24.1606,24.1606,2145,1,2146,2145,2146,0,0,0,2145,0,0,1,1,42.1364,42.1364,24.1756,24.1756,2332,1,2333,2332,2333,0,0,0,2332,0,0,1,1,51.4232,51.4232,24.1932,24.1932,2376,0,2376,2376,2376,0,0,0,2376,0,0,0,1,62.4314,62.4314,24.2144,24.2144,2612,2,2614,2612,2614,0,0,0,2612,0,0,2,1,77.0338,77.0338,24.2398,24.2398,2669,2,2671,2669,2671,0,0,0,2669,0,0,2,1,93.8687,93.8687,24.2712,24.2712
0.0833333,2,120,65,0,65,65,65,0,0,0,65,0,0,0,1,5.16661,5.16661,23.2992,23.2992,208,0,208,208,208,0,0,0,208,0,0,0,1,5.29452,5.29452,23.3,23.3,335,0,335,335,335,0,0,0,335,0,0,0,1,5.57107,5.57107,23.3007,23.3007,500,1,501,500,501,0,0,0,500,0,0,1,1,6.01945,6.01945,23.3021,23.3021,602,0,602,602,602,0,0,0,602,0,0,0,1,6.6301,6.6301,23.3046,23.3046,785,0,785,785,785,0,0,0,785,0,0,0,1,7.45136,7.45136,23.3076,23.3076,879,0,879,879,879,0,0,0,879,0,0,0,1,8.45571,8.45571,23.3115,23.3115,1126,2,1128,1126,1128,0,0,0,1126,0,0,2,1,9.82977,9.82977,23.3163,23.3163,1232,1,1233,1232,1233,0,0,0,1232,0,0,1,1,11.5135,11.5135,23.3245,23.3245,1334,0,1334,1334,1334,0,0,0,1334,0,0,0,1,13.6758,13.6758,23.334,23.334,1544,0,1544,1544,1544,0,0,0,1544,0,0,0,1,16.3131,16.3131,23.3454,23.3454,1638,0,1638,1638,1638,0,0,0,1638,0,0,0,1,19.4795,19.4795,23.3595,23.3595,1688,2,1690,1688,1690,0,0,0,1688,0,0,2,1,23.4952,23.4952,23.3759,23.3759,1877,0,1877,1877,1877,0,0,0,1877,0,0,0,1,28.3474,28.3474,23.3941,23.3941,2040,1,2041,2040,2041,0,0,0,2040,0,0,1,1,34.5164,34.5164,23.4155,23.4155,2145,2,2147,2145,2147,0,0,0,2145,0,0,2,1,42.1405,42.1405,23.441,23.441,2331,1,2332,2331,2332,0,0,0,2331,0,0,1,1,51.4313,51.4313,23.4685,23.4685,2376,0,2376,2376,2376,0,0,0,2376,0,0,0,1,62.4393,62.4393,23.4997,23.4997,2612,2,2614,2612,2614,0,0,0,2612,0,0,2,1,77.0396,77.0396,23.5336,23.5336,2668,3,2671,2668,2671,0,0,0,2668,0,0,3,1,93.8751,93.8751,23.5745,23.5745
0.125,3,180,65,0,65,65,65,0,0,0,65,0,0,0,1,5.16838,5.16838,22.5349,22.5349,208,0,208,208,208,0,0,0,208,0,0,0,1,5.29608,5.29608,22.5365,22.5365,335,0,335,335,335,0,0,0,335,0,0,0,1,5.57269,5.57269,22.5385,22.5385,500,1,501,500,501,0,0,0,500,0,0,1,1,6.02118,6.02118,22.5418,22.5418,602,0,602,602,602,0,0,0,602,0,0,0,1,6.63194,6.63194,22.5469,22.5469,785,0,785,785,785,0,0,0,785,0,0,0,1,7.45351,7.45351,22.5531,22.5531,879,0,879,879,879,0,0,0,879,0,0,0,1,8.45786,8.45786,22.5605,22.5605,1126,2,1128,1126,1128,0,0,0,1126,0,0,2,1,9.83258,9.83258,22.5694,22.5694,1231,2,1233,1231,1233,0,0,0,1231,0,0,2,1,11.517,11.517,22.5824,22.5824,1334,0,1334,1334,1334,0,0,0,1334,0,0,0,1,13.6798,13.6798,22.597,22.597,1543,1,1544,1543,1544,0,0,0,1543,0,0,1,1,16.3178,16.3178,22.6137,22.6137,1638,0,1638,1638,1638,0,0,0,1638,0,0,0,1,19.4844,19.4844,22.6334,22.6334,1687,3,1690,1687,1690,0,0,0,1687,0,0,3,1,23.5005,23.5005,22.6554,22.6554,1877,0,1877,1877,1877,0,0,0,1877,0,0,0,1,28.3511,28.3511,22.6795,22.6795,2040,2,2042,2040,2042,0,0,0,2040,0,0,2,1,34.5275,34.5275,22.7067,22.7067,2144,2,2146,2144,2146,0,0,0,2144,0,0,2,1,42.1463,42.1463,22.7382,22.7382,2331,1,2332,2331,2332,0,0,0,2331,0,0,1,1,51.4377,51.4377,22.7709,22.7709,2375,1,2376,2375,2376,0,0,0,2375,0,0,1,1,62.4458,62.4458,22.8073,22.8073,2612,2,2614,2612,2614,0,0,0,2612,0,0,2,1,77.0453,77.0453,22.8454,22.8454,2666,5,2671,2666,2671,0,0,0,2666,0,0,5,1,93.8764,93.8764,22.891,22.891
0.166667,4,240,65,0,65,65,65,0,0,0,65,0,0,0,1,5.17141,5.17141,21.8193,21.8193,208,0,208,208,208,0,0,0,208,0,0,0,1,5.29893,5.29893,21.8214,21.8214,335,0,335,335,335,0,0,0,335,0,0,0,1,5.57572,5.57572,21.8242,21.8242,500,1,501,500,501,0,0,0,500,0,0,1,1,6.02441,6.02441,21.8289,21.8289,602,0,602,602,602,0,0,0,602,0,0,0,1,6.63534,6.63534,21.8357,21.8357,785,0,785,785,785,0,0,0,785,0,0,0,1,7.45752,7.45752,21.844,21.844,879,0,879,879,879,0,0,0,879,0,0,0,1,8.46235,8.46235,21.8537,21.8537,1126,2,1128,1126,1128,0,0,0,1126,0,0,2,1,9.83805,9.83805,21.8654,21.8654,1231,2,1233,1231,1233,0,0,0,1231,0,0,2,1,11.5232,11.5232,21.8814,21.8814,1334,0,1334,1334,1334,0,0,0,1334,0,0,0,1,13.6869,13.6869,21.8993,21.8993,1543,1,1544,1543,1544,0,0,0,1543,0,0,1,1,16.3257,16.3257,21.9192,21.9192,1636,2,1638,1636,1638,0,0,0,1636,0,0,2,1,19.4936,19.4936,21.9422,21.9422,1687,3,1690,1687,1690,0,0,0,1687,0,0,3,1,23.5107,23.5107,21.9676,21.9676,1876,1,1877,1876,1877,0,0,0,1876,0,0,1,1,28.3629,28.3629,21.9951,21.9951,2039,3,2042,2039,2042,0,0,0,2039,0,0,3,1,34.5398,34.5398,22.0255,22.0255,2142,4,2146,2142,2146,0,0,0,2142,0,0,4,1,42.1618,42.1618,22.0603,22.0603,2331,1,2332,2331,2332,0,0,0,2331,0,0,1,1,51.4528,51.4528,22.0959,22.0959,2373,3,2376,2373,2376,0,0,0,2373,0,0,3,1,62.4635,62.4635,22.135,22.135,2611,3,2614,2611,2614,0,0,0,2611,0,0,3,1,77.059,77.059,22.1751,22.1751,2665,6,2671,2665,2671,0,0,0,2665,0,0,6,1,93.8875,93.8875,22.2229,22.2229
0.208333,5,300,65,0,65,65,65,0,0,0,65,0,0,0,1,5.17985,5.17985,21.1429,21.1429,207,1,208,207,208,0,0,0,207,0,0,1,1,5.30766,5.30766,21.1451,21.1451,335,0,335,335,335,0,0,0,335,0,0,0,1,5.5834,5.5834,21.1484,21.1484,500,1,501,500,501,0,0,0,500,0,0,1,1,6.03193,6.03193,21.154,21.154,602,0,602,602,602,0,0,0,602,0,0,0,1,6.64325,6.64325,21.1617,21.1617,785,0,785,785,785,0,0,0,785,0,0,0,1,7.46617,7.46617,21.1713,21.1713,876,3,879,876,879,0,0,0,876,0,0,3,1,8.47207,8.47207,21.1823,21.1823,1126,2,1128,1126,1128,0,0,0,1126,0,0,2,1,9.84723,9.84723,21.1957,21.1957,1230,3,1233,1230,1233,0,0,0,1230,0,0,3,1,11.5329,11.5329,21.2133,21.2133,1334,0,1334,1334,1334,0,0,0,1334,0,0,0,1,13.6969,13.6969,21.2331,21.2331,1543,1,1544,1543,1544,0,0,0,1543,0,0,1,1,16.337,16.337,21.2549,21.2549,1636,3,1639,1636,1639,0,0,0,1636,0,0,3,1,19.5052,19.5052,21.2797,21.2797,1686,3,1689,1686,1689,0,0,0,1686,0,0,3,1,23.5267,23.5267,21.307,21.307,1874,3,1877,1874,1877,0,0,0,1874,0,0,3,1,28.3765,28.3765,21.3362,21.3362,2038,4,2042,2038,2042,0,0,0,2038,0,0,4,1,34.5543,34.5543,21.3683,21.3683,2142,4,2146,2142,2146,0,0,0,2142,0,0,4,1,42.1763,42.1763,21.4048,21.4048,2330,2,2332,2330,2332,0,0,0,2330,0,0,2,1,51.4686,51.4686,21.4417,21.4417,2372,4,2376,2372,2376,0,0,0,2372,0,0,4,1,62.4795,62.4795,21.482,21.482,2609,5,2614,2609,2614,0,0,0,2609,0,0,5,1,77.0782,77.0782,21.5229,21.5229,2663,8,2671,2663,2671,0,0,0,2663,0,0,8,1,93.9019,93.9019,21.5716,21.5716
0.25,6,360,65,0,65,65,65,0,0,0,65,0,0,0,1,5.18324,5.18324,20.498,20.498,207,1,208,207,208,0,0,0,207,0,0,1,1,5.311,5.311,20.5003,20.5003,335,0,335,335,335,0,0,0,335,0,0,0,1,5.58703,5.58703,20.5039,20.5039,500,1,501,500,501,0,0,0,500,0,0,1,1,6.03578,6.03578,20.5099,20.5099,601,1,602,601,602,0,0,0,601,0,0,1,1,6.64734,6.64734,20.5182,20.5182,785,0,785,785,785,0,0,0,785,0,0,0,1,7.47033,7.47033,20.5284,20.5284,876,3,879,876,879,0,0,0,876,0,0,3,1,8.47653,8.47653,20.5402,20.5402,1126,2,1128,1126,1128,0,0,0,1126,0,0,2,1,9.85194,9.85194,20.5544,20.5544,1230,3,1233,1230,1233,0,0,0,1230,0,0,3,1,11.5384,11.5384,20.573,20.573,1334,0,1334,1334,1334,0,0,0,1334,0,0,0,1,13.7028,13.7028,20.5937,20.5937,1543,1,1544,1543,1544,0,0,0,1543,0,0,1,1,16.3431,16.3431,20.6163,20.6163,1635,4,1639,1635,1639,0,0,0,1635,0,0,4,1,19.5143,19.5143,20.6421,20.6421,1685,4,1689,1685,1689,0,0,0,1685,0,0,4,1,23.5365,23.5365,20.6701,20.6701,1872,5,1877,1872,1877,0,0,0,1872,0,0,5,1,28.3866,28.3866,20.7001,20.7001,2038,4,2042,2038,2042,0,0,0,2038,0,0,4,1,34.565,34.565,20.7328,20.7328,2141,5,2146,2141,2146,0,0,0,2141,0,0,5,1,42.1866,42.1866,20.77,20.77,2330,2,2332,2330,2332,0,0,0,2330,0,0,2,1,51.4786,51.4786,20.8073,20.8073,2372,4,2376,2372,2376,0,0,0,2372,0,0,4,1,62.489,62.489,20.8479,20.8479,2607,7,2614,2607,2614,0,0,0,2607,0,0,7,1,77.0879,77.0879,20.8888,20.8888,2663,8,2671,2663,2671,0,0,0,2663,0,0,8,1,93.9084,93.9084,20.9375,20.9375
0.291667,7,420,65,0,65,65,65,0,0,0,65,0,0,0,1,5.18587,5.18587,19.8795,19.8795,207,1,208,207,208,0,0,0,207,0,0,1,1,5.31367,5.31367,19.8819,19.8819,335,0,335,335,335,0,0,0,335,0,0,0,1,5.58985,5.58985,19.8857,19.8857,500,1,501,500,501,0,0,0,500,0,0,1,1,6.0388,6.0388,19.8918,19.8918,601,1,602,601,602,0,0,0,601,0,0,1,1,6.65118,6.65118,19.9004,19.9004,785,0,785,785,785,0,0,0,785,0,0,0,1,7.47377,7.47377,19.9109,19.9109,876,3,879,876,879,0,0,0,876,0,0,3,1,8.48046,8.48046,19.923,19.923,1126,2,1128,1126,1128,0,0,0,1126,0,0,2,1,9.85658,9.85658,19.9376,19.9376,1230,3,1233,1230,1233,0,0,0,1230,0,0,3,1,11.544,11.544,19.9565,19.9565,1334,0,1334,1334,1334,0,0,0,1334,0,0,0,1,13.7092,13.7092,19.9775,19.9775,1541,3,1544,1541,1544,0,0,0,1541,0,0,3,1,16.3512,16.3512,20.0005,20.0005,1635,4,1639,1635,1639,0,0,0,1635,0,0,4,1,19.523,19.523,20.0265,20.0265,1683,6,1689,1683,1689,0,0,0,1683,0,0,6,1,23.5459,23.5459,20.0547,20.0547,1872,5,1877,1872,1877,0,0,0,1872,0,0,5,1,28.3965,28.3965,20.0849,20.0849,2037,5,2042,2037,2042,0,0,0,2037,0,0,5,1,34.5759,34.5759,20.1176,20.1176,2140,6,2146,2140,2146,0,0,0,2140,0,0,6,1,42.1977,42.1977,20.1547,20.1547,2330,2,2332,2330,2332,0,0,0,2330,0,0,2,1,51.4904,51.4904,20.1918,20.1918,2371,5,2376,2371,2376,0,0,0,2371,0,0,5,1,62.501,62.501,20.2322,20.2322,2607,7,2614,2607,2614,0,0,0,2607,0,0,7,1,77.1001,77.1001,20.2727,20.2727,2660,11,2671,2660,2671,0,0,0,2660,0,0,11,1,93.9213,93.9213,20.3208,20.3208
0.333333,8,480,65,0,65,65,65,0,0,0,65,0,0,0,1,5.18865,5.18865,19.284,19.284,207,1,208,207,208,0,0,0,207,0,0,1,1,5.31669,5.31669,19.2864,19.2864,335,0,335,335,335,0,0,0,335,0,0,0,1,5.59299,5.59299,19.2902,19.2902,500,1,501,500,501,0,0,0,500,0,0,1,1,6.04216,6.04216,19.2964,19.2964,601,1,602,601,602,0,0,0,601,0,0,1,1,6.65505,6.65505,19.3049,19.3049,785,0,785,785,785,0,0,0,785,0,0,0,1,7.47795,7.47795,19.3156,19.3156,876,3,879,876,879,0,0,0,876,0,0,3,1,8.48537,8.48537,19.3277,19.3277,1126,2,1128,1126,1128,0,0,0,1126,0,0,2,1,9.86211,9.86211,19.3424,19.3424,1230,3,1233,1230,1233,0,0,0,1230,0,0,3,1,11.5505,11.5505,19.3613,19.3613,1334,0,1334,1334,1334,0,0,0,1334,0,0,0,1,13.7171,13.7171,19.3824,19.3824,1538,6,1544,1538,1544,0,0,0,1538,0,0,6,1,16.3608,16.3608,19.4053,19.4053,1634,5,1639,1634,1639,0,0,0,1634,0,0,5,1,19.5329,19.5329,19.4312,19.4312,1682,7,1689,1682,1689,0,0,0,1682,0,0,7,1,23.5564,23.5564,19.4592,19.4592,1872,5,1877,1872,1877,0,0,0,1872,0,0,5,1,28.407,28.407,19.4891,19.4891,2036,6,2042,2036,2042,0,0,0,2036,0,0,6,1,34.5871,34.5871,19.5215,19.5215,2139,7,2146,2139,2146,0,0,0,2139,0,0,7,1,42.2099,42.2099,19.5582,19.5582,2327,5,2332,2327,2332,0,0,0,2327,0,0,5,1,51.5016,51.5016,19.5948,19.5948,2370,6,2376,2370,2376,0,0,0,2370,0,0,6,1,62.5124,62.5124,19.6346,19.6346,2607,7,2614,2607,2614,0,0,0,2607,0,0,7,1,77.1107,77.1107,19.6743,19.6743,2658,13,2671,2658,2671,0,0,0,2658,0,0,13,1,93.9312,93.9312,19.7216,19.7216
0.375,9,540,65,0,65,65,65,0,0,0,65,0,0,0,1,5.19138,5.19138,18.7091,18.7091,207,1,208,207,208,0,0,0,207,0,0,1,1,5.31924,5.31924,18.7114,18.7114,335,0,335,335,335,0,0,0,335,0,0,0,1,5.59574,5.59574,18.7152,18.7152,500,1,501,500,501,0,0,0,500,0,0,1,1,6.04513,6.04513,18.7214,18.7214,601,1,602,601,602,0,0,0,601,0,0,1,1,6.6582,6.6582,18.7299,18.7299,785,0,785,785,785,0,0,0,785,0,0,0,1,7.48154,7.48154,18.7405,18.7405,876,3,879,876,879,0,0,0,876,0,0,3,1,8.48922,8.48922,18.7525,18.7525,1126,2,1128,1126,1128,0,0,0,1126,0,0,2,1,9.86702,9.86702,18.7671,18.7671,1230,3,1233,1230,1233,0,0,0,1230,0,0,3,1,11.5561,11.5561,18.7858,18.7858,1334,0,1334,1334,1334,0,0,0,1334,0,0,0,1,13.7238,13.7238,18.8067,18.8067,1538,6,1544,1538,1544,0,0,0,1538,0,0,6,1,16.3684,16.3684,18.8293,18.8293,1633,6,1639,1633,1639,0,0,0,1633,0,0,6,1,19.5416,19.5416,18.8548,18.8548,1681,8,1689,1681,1689,0,0,0,1681,0,0,8,1,23.5656,23.5656,18.8824,18.8824,1872,5,1877,1872,1877,0,0,0,1872,0,0,5,1,28.4172,28.4172,18.9118,18.9118,2035,7,2042,2035,2042,0,0,0,2035,0,0,7,1,34.5968,34.5968,18.9436,18.9436,2139,7,2146,2139,2146,0,0,0,2139,0,0,7,1,42.2202,42.2202,18.9797,18.9797,2326,6,2332,2326,2332,0,0,0,2326,0,0,6,1,51.5111,51.5111,19.0155,19.0155,2370,6,2376,2370,2376,0,0,0,2370,0,0,6,1,62.52,62.52,19.0545,19.0545,2607,7,2614,2607,2614,0,0,0,2607,0,0,7,1,77.1126,77.1126,19.0933,19.0933,2658,13,2671,2658,2671,0,0,0,2658,0,0,13,1,93.9366,93.9366,19.1396,19.1396
0.416667,10,600,64,1,65,64,65,0,0,0,64,0,0,1,1,5.1988,5.1988,18.1534,18.1534,207,1,208,207,208,0,0,0,207,0,0,1,1,5.3242,5.3242,18.1554,18.1554,335,0,335,335,335,0,0,0,335,0,0,0,1,5.60002,5.60002,18.1591,18.1591,500,1,501,500,501,0,0,0,500,0,0,1,1,6.04917,6.04917,18.1652,18.1652,601,1,602,601,602,0,0,0,601,0,0,1,1,6.66212,6.66212,18.1735,18.1735,785,0,785,785,785,0,0,0,785,0,0,0,1,7.48577,7.48577,18.184,18.184,876,3,879,876,879,0,0,0,876,0,0,3,1,8.49378,8.49378,18.1958,18.1958,1124,4,1128,1124,1128,0,0,0,1124,0,0,4,1,9.87201,9.87201,18.2102,18.2102,1229,4,1233,1229,1233,0,0,0,1229,0,0,4,1,11.5613,11.5613,18.2286,18.2286,1334,0,1334,1334,1334,0,0,0,1334,0,0,0,1,13.7288,13.7288,18.2491,18.2491,1538,6,1544,1538,1544,0,0,0,1538,0,0,6,1,16.3733,16.3733,18.2713,18.2713,1632,7,1639,1632,1639,0,0,0,1632,0,0,7,1,19.5467,19.5467,18.2963,18.2963,1681,8,1689,1681,1689,0,0,0,1681,0,0,8,1,23.57,23.57,18.3233,18.3233,1872,5,1877,1872,1877,0,0,0,1872,0,0,5,1,28.422,28.422,18.3521,18.3521,2035,7,2042,2035,2042,0,0,0,2035,0,0,7,1,34.6014,34.6014,18.3832,18.3832,2138,8,2146,2138,2146,0,0,0,2138,0,0,8,1,42.2254,42.2254,18.4185,18.4185,2326,6,2332,2326,2332,0,0,0,2326,0,0,6,1,51.516,51.516,18.4535,18.4535,2369,7,2376,2369,2376,0,0,0,2369,0,0,7,1,62.5239,62.5239,18.4915,18.4915,2607,7,2614,2607,2614,0,0,0,2607,0,0,7,1,77.1147,77.1147,18.5293,18.5293,2658,13,2671,2658,2671,0,0,0,2658,0,0,13,1,93.9397,93.9397,18.5745,18.5745
0.458333,11,660,64,1,65,64,65,0,0,0,64,0,0,1,1,5.20038,5.20038,17.6151,17.6151,207,1,208,207,208,0,0,0,207,0,0,1,1,5.3258,5.3258,17.617,17.617,335,0,335,335,335,0,0,0,335,0,0,0,1,5.60172,5.60172,17.6207,17.6207,500,1,501,500,501,0,0,0,500,0,0,1,1,6.05099,6.05099,17.6266,17.6266,601,1,602,601,602,0,0,0,601,0,0,1,1,6.66417,6.66417,17.6348,17.6348,785,0,785,785,785,0,0,0,785,0,0,0,1,7.48803,7.48803,17.6451,17.6451,876,3,879,876,879,0,0,0,876,0,0,3,1,8.4963,8.4963,17.6566,17.6566,1123,5,1128,1123,1128,0,0,0,1123,0,0,5,1,9.87496,9.87496,17.6707,17.6707,1229,4,1233,1229,1233,0,0,0,1229,0,0,4,1,11.5645,11.5645,17.6887,17.6887,1334,0,1334,1334,1334,0,0,0,1334,0,0,0,1,13.732,13.732,17.7088,17.7088,1538,6,1544,1538,1544,0,0,0,1538,0,0,6,1,16.3771,16.3771,17.7304,17.7304,1632,7,1639,1632,1639,0,0,0,1632,0,0,7,1,19.5509,19.5509,17.7548,17.7548,1679,10,1689,1679,1689,0,0,0,1679,0,0,10,1,23.5744,23.5744,17.7811,17.7811,1871,6,1877,1871,1877,0,0,0,1871,0,0,6,1,28.4264,28.4264,17.8093,17.8093,2035,7,2042,2035,2042,0,0,0,2035,0,0,7,1,34.6051,34.6051,17.8395,17.8395,2138,8,2146,2138,2146,0,0,0,2138,0,0,8,1,42.2276,42.2276,17.874,17.874,2326,6,2332,2326,2332,0,0,0,2326,0,0,6,1,51.5176,51.5176,17.908,17.908,2369,7,2376,2369,2376,0,0,0,2369,0,0,7,1,62.5252,62.5252,17.9451,17.9451,2607,7,2614,2607,2614,0,0,0,2607,0,0,7,1,77.1156,77.1156,17.9819,17.9819,2658,13,2671,2658,2671,0,0,0,2658,0,0,13,1,93.9404,93.9404,18.0259,18.0259
0.5,12,720,64,1,65,64,65,0,0,0,64,0,0,1,1,5.20485,5.20485,17.0934,17.0934,207,1,208,207,208,0,0,0,207,0,0,1,1,5.33064,5.33064,17.0953,17.0953,335,0,335,335,335,0,0,0,335,0,0,0,1,5.60673,5.60673,17.0989,17.0989,500,1,501,500,501,0,0,0,500,0,0,1,1,6.05639,6.05639,17.1047,17.1047,600,2,602,600,602,0,0,0,600,0,0,2,1,6.67021,6.67021,17.1126,17.1126,784,1,785,784,785,0,0,0,784,0,0,1,1,7.49437,7.49437,17.1227,17.1227,874,5,879,874,879,0,0,0,874,0,0,5,1,8.50366,8.50366,17.1339,17.1339,1123,5,1128,1123,1128,0,0,0,1123,0,0,5,1,9.88079,9.88079,17.1477,17.1477,1228,5,1233,1228,1233,0,0,0,1228,0,0,5,1,11.5716,11.5716,17.1653,17.1653,1334,0,1334,1334,1334,0,0,0,1334,0,0,0,1,13.7393,13.7393,17.1848,17.1848,1538,6,1544,1538,1544,0,0,0,1538,0,0,6,1,16.3848,16.3848,17.2059,17.2059,1632,7,1639,1632,1639,0,0,0,1632,0,0,7,1,19.5595,19.5595,17.2296,17.2296,1678,11,1689,1678,1689,0,0,0,1678,0,0,11,1,23.5838,23.5838,17.2553,17.2553,1870,7,1877,1870,1877,0,0,0,1870,0,0,7,1,28.4364,28.4364,17.2828,17.2828,2035,7,2042,2035,2042,0,0,0,2035,0,0,7,1,34.6146,34.6146,17.3121,17.3121,2137,9,2146,2137,2146,0,0,0,2137,0,0,9,1,42.2391,42.2391,17.3457,17.3457,2325,7,2332,2325,2332,0,0,0,2325,0,0,7,1,51.5281,51.5281,17.3788,17.3788,2368,8,2376,2368,2376,0,0,0,2368,0,0,8,1,62.5364,62.5364,17.4149,17.4149,2606,8,2614,2606,2614,0,0,0,2606,0,0,8,1,77.1257,77.1257,17.4506,17.4506,2657,14,2671,2657,2671,0,0,0,2657,0,0,14,1,93.9496,93.9496,17.4935,17.4935
0.541667,13,780,64,1,65,64,65,0,0,0,64,0,0,1,1,5.2077,5.2077,16.5878,16.5878,207,1,208,207,208,0,0,0,207,0,0,1,1,5.33366,5.33366,16.5895,16.5895,335,0,335,335,335,0,0,0,335,0,0,0,1,5.60988,5.60988,16.593,16.593,500,1,501,500,501,0,0,0,500,0,0,1,1,6.05989,6.05989,16.5987,16.5987,600,2,602,600,602,0,0,0,600,0,0,2,1,6.67398,6.67398,16.6064,16.6064,784,1,785,784,785,0,0,0,784,0,0,1,1,7.49853,7.49853,16.6163,16.6163,873,6,879,873,879,0,0,0,873,0,0,6,1,8.50813,8.50813,16.6272,16.6272,1123,5,1128,1123,1128,0,0,0,1123,0,0,5,1,9.88501,9.88501,16.6406,16.6406,1228,5,1233,1228,1233,0,0,0,1228,0,0,5,1,11.5759,11.5759,16.6577,16.6577,1334,0,1334,1334,1334,0,0,0,1334,0,0,0,1,13.7439,13.7439,16.6767,16.6767,1538,6,1544,1538,1544,0,0,0,1538,0,0,6,1,16.3898,16.3898,16.6972,16.6972,1631,8,1639,1631,1639,0,0,0,1631,0,0,8,1,19.5659,19.5659,16.7203,16.7203,1677,12,1689,1677,1689,0,0,0,1677,0,0,12,1,23.59,23.59,16.7452,16.7452,1870,7,1877,1870,1877,0,0,0,1870,0,0,7,1,28.4429,28.4429,16.7719,16.7719,2034,8,2042,2034,2042,0,0,0,2034,0,0,8,1,34.6215,34.6215,16.8004,16.8004,2137,9,2146,2137,2146,0,0,0,2137,0,0,9,1,42.2455,42.2455,16.8331,16.8331,2325,7,2332,2325,2332,0,0,0,2325,0,0,7,1,51.5343,51.5343,16.8652,16.8652,2366,10,2376,2366,2376,0,0,0,2366,0,0,10,1,62.5435,62.5435,16.9004,16.9004,2606,8,2614,2606,2614,0,0,0,2606,0,0,8,1,77.1315,77.1315,16.9351,16.9351,2657,14,2671,2657,2671,0,0,0,2657,0,0,14,1,93.9538,93.9538,16.9767,16.9767
0.583333,14,840,64,1,65,64,65,0,0,0,64,0,0,1,1,5.21025,5.21025,16.0973,16.0973,207,1,208,207,208,0,0,0,207,0,0,1,1,5.33641,5.33641,16.099,16.099,335,0,335,335,335,0,0,0,335,0,0,0,1,5.61279,5.61279,16.1024,16.1024,500,1,501,500,501,0,0,0,500,0,0,1,1,6.06301,6.06301,16.108,16.108,600,2,602,600,602,0,0,0,600,0,0,2,1,6.67756,6.67756,16.1154,16.1154,784,1,785,784,785,0,0,0,784,0,0,1,1,7.5024,7.5024,16.125,16.125,873,6,879,873,879,0,0,0,873,0,0,6,1,8.51271,8.51271,16.1356,16.1356,1123,5,1128,1123,1128,0,0,0,1123,0,0,5,1,9.89007,9.89007,16.1486,16.1486,1227,6,1233,1227,1233,0,0,0,1227,0,0,6,1,11.5819,11.5819,16.1653,16.1653,1334,0,1334,1334,1334,0,0,0,1334,0,0,0,1,13.7503,13.7503,16.1838,16.1838,1538,6,1544,1538,1544,0,0,0,1538,0,0,6,1,16.3977,16.3977,16.2037,16.2037,1630,9,1639,1630,1639,0,0,0,1630,0,0,9,1,19.575,19.575,16.2261,16.2261,1676,13,1689,1676,1689,0,0,0,1676,0,0,13,1,23.6001,23.6001,16.2504,16.2504,1869,8,1877,1869,1877,0,0,0,1869,0,0,8,1,28.4536,28.4536,16.2763,16.2763,2034,8,2042,2034,2042,0,0,0,2034,0,0,8,1,34.633,34.633,16.304,16.304,2136,10,2146,2136,2146,0,0,0,2136,0,0,10,1,42.2579,42.2579,16.3357,16.3357,2325,7,2332,2325,2332,0,0,0,2325,0,0,7,1,51.5469,51.5469,16.367,16.367,2363,13,2376,2363,2376,0,0,0,2363,0,0,13,1,62.5559,62.5559,16.4011,16.4011,2605,9,2614,2605,2614,0,0,0,2605,0,0,9,1,77.143,77.143,16.4347,16.4347,2657,14,2671,2657,2671,0,0,0,2657,0,0,14,1,93.9618,93.9618,16.4752,16.4752
0.625,15,900,64,1,65,64,65,0,0,0,64,0,0,1,1,5.21195,5.21195,15.6216,15.6216,207,1,208,207,208,0,0,0,207,0,0,1,1,5.33846,5.33846,15.6231,15.6231,335,0,335,335,335,0,0,0,335,0,0,0,1,5.61482,5.61482,15.6264,15.6264,500,1,501,500,501,0,0,0,500,0,0,1,1,6.06525,6.06525,15.6319,15.6319,600,2,602,600,602,0,0,0,600,0,0,2,1,6.68012,6.68012,15.6391,15.6391,784,1,785,784,785,0,0,0,784,0,0,1,1,7.50486,7.50486,15.6484,15.6484,873,6,879,873,879,0,0,0,873,0,0,6,1,8.51589,8.51589,15.6587,15.6587,1123,5,1128,1123,1128,0,0,0,1123,0,0,5,1,9.89335,9.89335,15.6714,15.6714,1227,6,1233,1227,1233,0,0,0,1227,0,0,6,1,11.5861,11.5861,15.6876,15.6876,1334,0,1334,1334,1334,0,0,0,1334,0,0,0,1,13.7551,13.7551,15.7056,15.7056,1537,7,1544,1537,1544,0,0,0,1537,0,0,7,1,16.4034,16.4034,15.7249,15.7249,1629,10,1639,1629,1639,0,0,0,1629,0,0,10,1,19.5818,19.5818,15.7467,15.7467,1675,14,1689,1675,1689,0,0,0,1675,0,0,14,1,23.6069,23.6069,15.7703,15.7703,1869,8,1877,1869,1877,0,0,0,1869,0,0,8,1,28.4607,28.4607,15.7955,15.7955,2033,9,2042,2033,2042,0,0,0,2033,0,0,9,1,34.6399,34.6399,15.8223,15.8223,2136,10,2146,2136,2146,0,0,0,2136,0,0,10,1,42.2644,42.2644,15.8531,15.8531,2324,8,2332,2324,2332,0,0,0,2324,0,0,8,1,51.5536,51.5536,15.8834,15.8834,2363,13,2376,2363,2376,0,0,0,2363,0,0,13,1,62.5617,62.5617,15.9166,15.9166,2604,10,2614,2604,2614,0,0,0,2604,0,0,10,1,77.1484,77.1484,15.9492,15.9492,2657,14,2671,2657,2671,0,0,0,2657,0,0,14,1,93.9654,93.9654,15.9886,15.9886
0.666667,16,960,64,1,65,64,65,0,0,0,64,0,0,1,1,5.21436,5.21436,15.16,15.16,207,1,208,207,208,0,0,0,207,0,0,1,1,5.34086,5.34086,15.1615,15.1615,335,0,335,335,335,0,0,0,335,0,0,0,1,5.61728,5.61728,15.1647,15.1647,500,1,501,500,501,0,0,0,500,0,0,1,1,6.06778,6.06778,15.17,15.17,599,3,602,599,602,0,0,0,599,0,0,3,1,6.6828,6.6828,15.177,15.177,784,1,785,784,785,0,0,0,784,0,0,1,1,7.5077,7.5077,15.1861,15.1861,873,6,879,873,879,0,0,0,873,0,0,6,1,8.51879,8.51879,15.196,15.196,1123,5,1128,1123,1128,0,0,0,1123,0,0,5,1,9.89641,9.89641,15.2084,15.2084,1227,6,1233,1227,1233,0,0,0,1227,0,0,6,1,11.5893,11.5893,15.2241,15.2241,1333,1,1334,1333,1334,0,0,0,1333,0,0,1,1,13.7587,13.7587,15.2416,15.2416,1537,7,1544,1537,1544,0,0,0,1537,0,0,7,1,16.4077,16.4077,15.2603,15.2603,1629,10,1639,1629,1639,0,0,0,1629,0,0,10,1,19.5858,19.5858,15.2815,15.2815,1674,15,1689,1674,1689,0,0,0,1674,0,0,15,1,23.6111,23.6111,15.3044,15.3044,1869,8,1877,1869,1877,0,0,0,1869,0,0,8,1,28.4645,28.4645,15.3289,15.3289,2033,9,2042,2033,2042,0,0,0,2033,0,0,9,1,34.6444,34.6444,15.3549,15.3549,2136,10,2146,2136,2146,0,0,0,2136,0,0,10,1,42.2691,42.2691,15.3848,15.3848,2324,8,2332,2324,2332,0,0,0,2324,0,0,8,1,51.559,51.559,15.4142,15.4142,2361,15,2376,2361,2376,0,0,0,2361,0,0,15,1,62.568,62.568,15.4464,15.4464,2603,11,2614,2603,2614,0,0,0,2603,0,0,11,1,77.1548,77.1548,15.4781,15.4781,2657,14,2671,2657,2671,0,0,0,2657,0,0,14,1,93.9695,93.9695,15.5163,15.5163
0.708333,17,1020,64,1,65,64,65,0,0,0,64,0,0,1,1,5.21646,5.21646,14.7122,14.7122,207,1,208,207,208,0,0,0,207,0,0,1,1,5.34312,5.34312,14.7136,14.7136,335,0,335,335,335,0,0,0,335,0,0,0,1,5.61959,5.61959,14.7167,14.7167,500,1,501,500,501,0,0,0,500,0,0,1,1,6.07022,6.07022,14.7218,14.7218,599,3,602,599,602,0,0,0,599,0,0,3,1,6.68558,6.68558,14.7286,14.7286,783,2,785,783,785,0,0,0,783,0,0,2,1,7.51058,7.51058,14.7375,14.7375,873,6,879,873,879,0,0,0,873,0,0,6,1,8.52156,8.52156,14.7471,14.7471,1123,5,1128,1123,1128,0,0,0,1123,0,0,5,1,9.8993,9.8993,14.7591,14.7591,1227,6,1233,1227,1233,0,0,0,1227,0,0,6,1,11.5926,11.5926,14.7744,14.7744,1333,1,1334,1333,1334,0,0,0,1333,0,0,1,1,13.7625,13.7625,14.7914,14.7914,1537,7,1544,1537,1544,0,0,0,1537,0,0,7,1,16.412,16.412,14.8096,14.8096,1629,10,1639,1629,1639,0,0,0,1629,0,0,10,1,19.5909,19.5909,14.8301,14.8301,1673,16,1689,1673,1689,0,0,0,1673,0,0,16,1,23.617,23.617,14.8523,14.8523,1868,9,1877,1868,1877,0,0,0,1868,0,0,9,1,28.471,28.471,14.8761,14.8761,2033,9,2042,2033,2042,0,0,0,2033,0,0,9,1,34.6515,34.6515,14.9013,14.9013,2136,10,2146,2136,2146,0,0,0,2136,0,0,10,1,42.2765,42.2765,14.9304,14.9304,2324,8,2332,2324,2332,0,0,0,2324,0,0,8,1,51.5674,51.5674,14.9589,14.9589,2360,16,2376,2360,2376,0,0,0,2360,0,0,16,1,62.5766,62.5766,14.9901,14.9901,2602,12,2614,2602,2614,0,0,0,2602,0,0,12,1,77.1626,77.1626,15.0209,15.0209,2657,14,2671,2657,2671,0,0,0,2657,0,0,14,1,93.9747,93.9747,15.058,15.058
0.75,18,1080,64,1,65,64,65,0,0,0,64,0,0,1,1,5.22103,5.22103,14.2777,14.2777,207,1,208,207,208,0,0,0,207,0,0,1,1,5.34774,5.34774,14.279,14.279,334,1,335,334,335,0,0,0,334,0,0,1,1,5.62441,5.62441,14.2821,14.2821,499,2,501,499,501,0,0,0,499,0,0,2,1,6.07497,6.07497,14.2871,14.2871,599,3,602,599,602,0,0,0,599,0,0,3,1,6.68983,6.68983,14.2936,14.2936,783,2,785,783,785,0,0,0,783,0,0,2,1,7.51448,7.51448,14.3022,14.3022,873,6,879,873,879,0,0,0,873,0,0,6,1,8.52531,8.52531,14.3115,14.3115,1123,5,1128,1123,1128,0,0,0,1123,0,0,5,1,9.90335,9.90335,14.3231,14.3231,1226,7,1233,1226,1233,0,0,0,1226,0,0,7,1,11.5972,11.5972,14.338,14.338,1333,1,1334,1333,1334,0,0,0,1333,0,0,1,1,13.7671,13.7671,14.3545,14.3545,1537,7,1544,1537,1544,0,0,0,1537,0,0,7,1,16.4174,16.4174,14.3722,14.3722,1628,11,1639,1628,1639,0,0,0,1628,0,0,11,1,19.5974,19.5974,14.3921,14.3921,1673,16,1689,1673,1689,0,0,0,1673,0,0,16,1,23.6237,23.6237,14.4136,14.4136,1866,11,1877,1866,1877,0,0,0,1866,0,0,11,1,28.4791,28.4791,14.4367,14.4367,2033,9,2042,2033,2042,0,0,0,2033,0,0,9,1,34.6595,34.6595,14.4611,14.4611,2136,10,2146,2136,2146,0,0,0,2136,0,0,10,1,42.2839,42.2839,14.4894,14.4894,2323,9,2332,2323,2332,0,0,0,2323,0,0,9,1,51.5752,51.5752,14.5171,14.5171,2360,16,2376,2360,2376,0,0,0,2360,0,0,16,1,62.5855,62.5855,14.5474,14.5474,2601,13,2614,2601,2614,0,0,0,2601,0,0,13,1,77.1714,77.1714,14.5772,14.5772,2656,15,2671,2656,2671,0,0,0,2656,0,0,15,1,93.9818,93.9818,14.6132,14.6132
0.791667,19,1140,64,1,65,64,65,0,0,0,64,0,0,1,1,5.22951,5.22951,13.8564,13.8564,206,2,208,206,208,0,0,0,206,0,0,2,1,5.35564,5.35564,13.8575,13.8575,333,2,335,333,335,0,0,0,333,0,0,2,1,5.63275,5.63275,13.8605,13.8605,499,2,501,499,501,0,0,0,499,0,0,2,1,6.08223,6.08223,13.8653,13.8653,599,3,602,599,602,0,0,0,599,0,0,3,1,6.69675,6.69675,13.8715,13.8715,783,2,785,783,785,0,0,0,783,0,0,2,1,7.52155,7.52155,13.8799,13.8799,872,7,879,872,879,0,0,0,872,0,0,7,1,8.53243,8.53243,13.8889,13.8889,1123,5,1128,1123,1128,0,0,0,1123,0,0,5,1,9.91126,9.91126,13.9002,13.9002,1226,7,1233,1226,1233,0,0,0,1226,0,0,7,1,11.6053,11.6053,13.9146,13.9146,1333,1,1334,1333,1334,0,0,0,1333,0,0,1,1,13.7763,13.7763,13.9306,13.9306,1537,7,1544,1537,1544,0,0,0,1537,0,0,7,1,16.4276,16.4276,13.9477,13.9477,1627,12,1639,1627,1639,0,0,0,1627,0,0,12,1,19.609,19.609,13.9671,13.9671,1670,19,1689,1670,1689,0,0,0,1670,0,0,19,1,23.6368,23.6368,13.988,13.988,1866,11,1877,1866,1877,0,0,0,1866,0,0,11,1,28.4923,28.4923,14.0104,14.0104,2032,10,2042,2032,2042,0,0,0,2032,0,0,10,1,34.673,34.673,14.0341,14.0341,2136,10,2146,2136,2146,0,0,0,2136,0,0,10,1,42.2967,42.2967,14.0615,14.0615,2321,11,2332,2321,2332,0,0,0,2321,0,0,11,1,51.59,51.59,14.0883,14.0883,2359,17,2376,2359,2376,0,0,0,2359,0,0,17,1,62.6012,62.6012,14.1178,14.1178,2598,16,2614,2598,2614,0,0,0,2598,0,0,16,1,77.187,77.187,14.1467,14.1467,2655,16,2671,2655,2671,0,0,0,2655,0,0,16,1,93.9943,93.9943,14.1817,14.1817
0.833333,20,1200,64,1,65,64,65,0,0,0,64,0,0,1,1,5.23271,5.23271,13.4473,13.4473,206,2,208,206,208,0,0,0,206,0,0,2,1,5.35891,5.35891,13.4484,13.4484,333,2,335,333,335,0,0,0,333,0,0,2,1,5.63611,5.63611,13.4513,13.4513,499,2,501,499,501,0,0,0,499,0,0,2,1,6.08583,6.08583,13.4559,13.4559,599,3,602,599,602,0,0,0,599,0,0,3,1,6.70063,6.70063,13.462,13.462,783,2,785,783,785,0,0,0,783,0,0,2,1,7.52608,7.52608,13.4701,13.4701,872,7,879,872,879,0,0,0,872,0,0,7,1,8.53746,8.53746,13.4788,13.4788,1123,5,1128,1123,1128,0,0,0,1123,0,0,5,1,9.91723,9.91723,13.4898,13.4898,1225,8,1233,1225,1233,0,0,0,1225,0,0,8,1,11.6122,11.6122,13.5038,13.5038,1333,1,1334,1333,1334,0,0,0,1333,0,0,1,1,13.7843,13.7843,13.5193,13.5193,1537,7,1544,1537,1544,0,0,0,1537,0,0,7,1,16.4368,16.4368,13.5359,13.5359,1627,12,1639,1627,1639,0,0,0,1627,0,0,12,1,19.6192,19.6192,13.5547,13.5547,1669,20,1689,1669,1689,0,0,0,1669,0,0,20,1,23.649,23.649,13.575,13.575,1866,11,1877,1866,1877,0,0,0,1866,0,0,11,1,28.5066,28.5066,13.5967,13.5967,2030,12,2042,2030,2042,0,0,0,2030,0,0,12,1,34.6906,34.6906,13.6197,13.6197,2135,11,2146,2135,2146,0,0,0,2135,0,0,11,1,42.3134,42.3134,13.6463,13.6463,2319,13,2332,2319,2332,0,0,0,2319,0,0,13,1,51.6086,51.6086,13.6724,13.6724,2356,20,2376,2356,2376,0,0,0,2356,0,0,20,1,62.6197,62.6197,13.7009,13.7009,2597,17,2614,2597,2614,0,0,0,2597,0,0,17,1,77.2006,77.2006,13.729,13.729,2655,16,2671,2655,2671,0,0,0,2655,0,0,16,1,94.0045,94.0045,13.7629,13.7629
0.875,21,1260,64,1,65,64,65,0,0,0,64,0,0,1,1,5.23471,5.23471,13.0503,13.0503,206,2,208,206,208,0,0,0,206,0,0,2,1,5.36105,5.36105,13.0513,13.0513,333,2,335,333,335,0,0,0,333,0,0,2,1,5.63834,5.63834,13.0542,13.0542,499,2,501,499,501,0,0,0,499,0,0,2,1,6.08829,6.08829,13.0586,13.0586,598,4,602,598,602,0,0,0,598,0,0,4,1,6.7036,6.7036,13.0645,13.0645,783,2,785,783,785,0,0,0,783,0,0,2,1,7.52933,7.52933,13.0725,13.0725,871,8,879,871,879,0,0,0,871,0,0,8,1,8.54087,8.54087,13.0809,13.0809,1123,5,1128,1123,1128,0,0,0,1123,0,0,5,1,9.9204,9.9204,13.0915,13.0915,1225,8,1233,1225,1233,0,0,0,1225,0,0,8,1,11.6156,11.6156,13.1051,13.1051,1333,1,1334,1333,1334,0,0,0,1333,0,0,1,1,13.7879,13.7879,13.1202,13.1202,1537,7,1544,1537,1544,0,0,0,1537,0,0,7,1,16.4412,16.4412,13.1363,13.1363,1627,12,1639,1627,1639,0,0,0,1627,0,0,12,1,19.6245,19.6245,13.1545,13.1545,1669,20,1689,1669,1689,0,0,0,1669,0,0,20,1,23.6549,23.6549,13.1742,13.1742,1866,11,1877,1866,1877,0,0,0,1866,0,0,11,1,28.5137,28.5137,13.1953,13.1953,2030,12,2042,2030,2042,0,0,0,2030,0,0,12,1,34.6999,34.6999,13.2176,13.2176,2133,13,2146,2133,2146,0,0,0,2133,0,0,13,1,42.3241,42.3241,13.2435,13.2435,2319,13,2332,2319,2332,0,0,0,2319,0,0,13,1,51.6181,51.6181,13.2687,13.2687,2355,21,2376,2355,2376,0,0,0,2355,0,0,21,1,62.6293,62.6293,13.2964,13.2964,2597,17,2614,2597,2614,0,0,0,2597,0,0,17,1,77.2084,77.2084,13.3236,13.3236,2655,16,2671,2655,2671,0,0,0,2655,0,0,16,1,94.0097,94.0097,13.3566,13.3566
0.916667,22,1320,64,1,65,64,65,0,0,0,64,0,0,1,1,5.23707,5.23707,12.6652,12.6652,206,2,208,206,208,0,0,0,206,0,0,2,1,5.36347,5.36347,12.6661,12.6661,333,2,335,333,335,0,0,0,333,0,0,2,1,5.64092,5.64092,12.6689,12.6689,499,2,501,499,501,0,0,0,499,0,0,2,1,6.09118,6.09118,12.6732,12.6732,598,4,602,598,602,0,0,0,598,0,0,4,1,6.70673,6.70673,12.6789,12.6789,783,2,785,783,785,0,0,0,783,0,0,2,1,7.53248,7.53248,12.6867,12.6867,871,8,879,871,879,0,0,0,871,0,0,8,1,8.54409,8.54409,12.6948,12.6948,1123,5,1128,1123,1128,0,0,0,1123,0,0,5,1,9.92389,9.92389,12.7052,12.7052,1225,8,1233,1225,1233,0,0,0,1225,0,0,8,1,11.6193,11.6193,12.7184,12.7184,1332,2,1334,1332,1334,0,0,0,1332,0,0,2,1,13.7924,13.7924,12.733,12.733,1537,7,1544,1537,1544,0,0,0,1537,0,0,7,1,16.4458,16.4458,12.7486,12.7486,1626,13,1639,1626,1639,0,0,0,1626,0,0,13,1,19.6298,19.6298,12.7662,12.7662,1669,20,1689,1669,1689,0,0,0,1669,0,0,20,1,23.66,23.66,12.7853,12.7853,1865,12,1877,1865,1877,0,0,0,1865,0,0,12,1,28.5196,28.5196,12.8059,12.8059,2030,12,2042,2030,2042,0,0,0,2030,0,0,12,1,34.7053,34.7053,12.8275,12.8275,2133,13,2146,2133,2146,0,0,0,2133,0,0,13,1,42.3298,42.3298,12.8526,12.8526,2318,14,2332,2318,2332,0,0,0,2318,0,0,14,1,51.6245,51.6245,12.877,12.877,2354,22,2376,2354,2376,0,0,0,2354,0,0,22,1,62.6347,62.6347,12.9039,12.9039,2596,18,2614,2596,2614,0,0,0,2596,0,0,18,1,77.213,77.213,12.9303,12.9303,2655,16,2671,2655,2671,0,0,0,2655,0,0,16,1,94.0133,94.0133,12.9623,12.9623
0.958333,23,1380,64,1,65,64,65,0,0,0,64,0,0,1,1,5.24133,5.24133,12.2914,12.2914,206,2,208,206,208,0,0,0,206,0,0,2,1,5.36781,5.36781,12.2923,12.2923,333,2,335,333,335,0,0,0,333,0,0,2,1,5.64545,5.64545,12.2949,12.2949,499,2,501,499,501,0,0,0,499,0,0,2,1,6.09609,6.09609,12.2992,12.2992,598,4,602,598,602,0,0,0,598,0,0,4,1,6.71192,6.71192,12.3047,12.3047,781,4,785,781,785,0,0,0,781,0,0,4,1,7.53815,7.53815,12.3122,12.3122,871,8,879,871,879,0,0,0,871,0,0,8,1,8.54965,8.54965,12.3201,12.3201,1123,5,1128,1123,1128,0,0,0,1123,0,0,5,1,9.92959,9.92959,12.3301,12.3301,1225,8,1233,1225,1233,0,0,0,1225,0,0,8,1,11.6257,11.6257,12.3429,12.3429,1332,2,1334,1332,1334,0,0,0,1332,0,0,2,1,13.7993,13.7993,12.3572,12.3572,1536,8,1544,1536,1544,0,0,0,1536,0,0,8,1,16.4538,16.4538,12.3723,12.3723,1626,13,1639,1626,1639,0,0,0,1626,0,0,13,1,19.6387,19.6387,12.3894,12.3894,1668,21,1689,1668,1689,0,0,0,1668,0,0,21,1,23.6698,23.6698,12.4079,12.4079,1865,12,1877,1865,1877,0,0,0,1865,0,0,12,1,28.5303,28.5303,12.4278,12.4278,2030,12,2042,2030,2042,0,0,0,2030,0,0,12,1,34.7183,34.7183,12.4488,12.4488,2130,16,2146,2130,2146,0,0,0,2130,0,0,16,1,42.3444,42.3444,12.4732,12.4732,2318,14,2332,2318,2332,0,0,0,2318,0,0,14,1,51.6377,51.6377,12.4969,12.4969,2354,22,2376,2354,2376,0,0,0,2354,0,0,22,1,62.6492,62.6492,12.523,12.523,2594,20,2614,2594,2614,0,0,0,2594,0,0,20,1,77.2269,77.2269,12.5486,12.5486,2654,17,2671,2654,2671,0,0,0,2654,0,0,17,1,94.024,94.024,12.5797,12.5797
1,24,1440,64,1,65,64,65,0,0,0,64,0,0,1,1,5.24222,5.24222,11.9287,11.9287,206,2,208,206,208,0,0,0,206,0,0,2,1,5.36866,5.36866,11.9295,11.9295,333,2,335,333,335,0,0,0,333,0,0,2,1,5.64636,5.64636,11.9321,11.9321,499,2,501,499,501,0,0,0,499,0,0,2,1,6.09711,6.09711,11.9362,11.9362,598,4,602,598,602,0,0,0,598,0,0,4,1,6.71299,6.71299,11.9415,11.9415,781,4,785,781,785,0,0,0,781,0,0,4,1,7.53942,7.53942,11.9488,11.9488,871,8,879,871,879,0,0,0,871,0,0,8,1,8.55103,8.55103,11.9564,11.9564,1123,5,1128,1123,1128,0,0,0,1123,0,0,5,1,9.9311,9.9311,11.9662,11.9662,1225,8,1233,1225,1233,0,0,0,1225,0,0,8,1,11.6275,11.6275,11.9786,11.9786,1332,2,1334,1332,1334,0,0,0,1332,0,0,2,1,13.8015,13.8015,11.9925,11.9925,1536,8,1544,1536,1544,0,0,0,1536,0,0,8,1,16.4565,16.4565,12.0071,12.0071,1624,15,1639,1624,1639,0,0,0,1624,0,0,15,1,19.642,19.642,12.0237,12.0237,1668,21,1689,1668,1689,0,0,0,1668,0,0,21,1,23.6731,23.6731,12.0417,12.0417,1865,12,1877,1865,1877,0,0,0,1865,0,0,12,1,28.5336,28.5336,12.061,12.061,2030,12,2042,2030,2042,0,0,0,2030,0,0,12,1,34.7216,34.7216,12.0813,12.0813,2130,16,2146,2130,2146,0,0,0,2130,0,0,16,1,42.3486,42.3486,12.105,12.105,2318,14,2332,2318,2332,0,0,0,2318,0,0,14,1,51.6425,51.6425,12.128,12.128,2353,23,2376,2353,2376,0,0,0,2353,0,0,23,1,62.6549,62.6549,12.1534,12.1534,2592,22,2614,2592,2614,0,0,0,2592,0,0,22,1,77.2333,77.2333,12.1782,12.1782,2654,17,2671,2654,2671,0,0,0,2654,0,0,17,1,94.0298,94.0298,12.2083,12.2083
1.04167,25,1500,64,1,65,64,65,0,0,0,64,0,0,1,1,5.24659,5.24659,11.5767,11.5767,206,2,208,206,208,0,0,0,206,0,0,2,1,5.37322,5.37322,11.5774,11.5774,333,2,335,333,335,0,0,0,333,0,0,2,1,5.65112,5.65112,11.5799,11.5799,499,2,501,499,501,0,0,0,499,0,0,2,1,6.10211,6.10211,11.5839,11.5839,598,4,602,598,602,0,0,0,598,0,0,4,1,6.71856,6.71856,11.5891,11.5891,780,5,785,780,785,0,0,0,780,0,0,5,1,7.54586,7.54586,11.5962,11.5962,871,8,879,871,879,0,0,0,871,0,0,8,1,8.55794,8.55794,11.6036,11.6036,1122,6,1128,1122,1128,0,0,0,1122,0,0,6,1,9.93838,9.93838,11.6131,11.6131,1224,9,1233,1224,1233,0,0,0,1224,0,0,9,1,11.6353,11.6353,11.6251,11.6251,1332,2,1334,1332,1334,0,0,0,1332,0,0,2,1,13.8096,13.8096,11.6386,11.6386,1535,9,1544,1535,1544,0,0,0,1535,0,0,9,1,16.4659,16.4659,11.6528,11.6528,1623,16,1639,1623,1639,0,0,0,1623,0,0,16,1,19.6524,19.6524,11.6689,11.6689,1668,21,1689,1668,1689,0,0,0,1668,0,0,21,1,23.6837,23.6837,11.6863,11.6863,1865,12,1877,1865,1877,0,0,0,1865,0,0,12,1,28.5454,28.5454,11.7051,11.7051,2027,15,2042,2027,2042,0,0,0,2027,0,0,15,1,34.7363,34.7363,11.7248,11.7248,2130,16,2146,2130,2146,0,0,0,2130,0,0,16,1,42.3638,42.3638,11.7477,11.7477,2317,15,2332,2317,2332,0,0,0,2317,0,0,15,1,51.6572,51.6572,11.7701,11.7701,2351,25,2376,2351,2376,0,0,0,2351,0,0,25,1,62.6687,62.6687,11.7947,11.7947,2592,22,2614,2592,2614,0,0,0,2592,0,0,22,1,77.2448,77.2448,11.8187,11.8187,2653,18,2671,2653,2671,0,0,0,2653,0,0,18,1,94.0386,94.0386,11.848,11.848
1.08333,26,1560,64,1,65,64,65,0,0,0,64,0,0,1,1,5.25328,5.25328,11.2351,11.2351,206,2,208,206,208,0,0,0,206,0,0,2,1,5.38009,5.38009,11.2358,11.2358,333,2,335,333,335,0,0,0,333,0,0,2,1,5.65828,5.65828,11.2383,11.2383,498,3,501,498,501,0,0,0,498,0,0,3,1,6.10975,6.10975,11.2422,11.2422,598,4,602,598,602,0,0,0,598,0,0,4,1,6.72653,6.72653,11.2471,11.2471,780,5,785,780,785,0,0,0,780,0,0,5,1,7.55455,7.55455,11.2541,11.2541,870,9,879,870,879,0,0,0,870,0,0,9,1,8.5676,8.5676,11.2612,11.2612,1121,7,1128,1121,1128,0,0,0,1121,0,0,7,1,9.94881,9.94881,11.2705,11.2705,1224,9,1233,1224,1233,0,0,0,1224,0,0,9,1,11.6464,11.6464,11.2822,11.2822,1330,4,1334,1330,1334,0,0,0,1330,0,0,4,1,13.8222,13.8222,11.2952,11.2952,1535,9,1544,1535,1544,0,0,0,1535,0,0,9,1,16.4791,16.4791,11.309,11.309,1623,16,1639,1623,1639,0,0,0,1623,0,0,16,1,19.6668,19.6668,11.3246,11.3246,1668,21,1689,1668,1689,0,0,0,1668,0,0,21,1,23.7003,23.7003,11.3415,11.3415,1864,13,1877,1864,1877,0,0,0,1864,0,0,13,1,28.564,28.564,11.3597,11.3597,2023,18,2041,2023,2041,0,0,0,2023,0,0,18,1,34.7532,34.7532,11.3788,11.3788,2130,17,2147,2130,2147,0,0,0,2130,0,0,17,1,42.3874,42.3874,11.4011,11.4011,2315,17,2332,2315,2332,0,0,0,2315,0,0,17,1,51.682,51.682,11.4228,11.4228,2350,26,2376,2350,2376,0,0,0,2350,0,0,26,1,62.6911,62.6911,11.4466,11.4466,2590,24,2614,2590,2614,0,0,0,2590,0,0,24,1,77.2678,77.2678,11.4699,11.4699,2650,21,2671,2650,2671,0,0,0,2650,0,0,21,1,94.0596,94.0596,11.4984,11.4984
1.125,27,1620,64,1,65,64,65,0,0,0,64,0,0,1,1,5.25479,5.25479,10.9037,10.9037,206,2,208,206,208,0,0,0,206,0,0,2,1,5.38187,5.38187,10.9043,10.9043,333,2,335,333,335,0,0,0,333,0,0,2,1,5.66011,5.66011,10.9067,10.9067,498,3,501,498,501,0,0,0,498,0,0,3,1,6.11178,6.11178,10.9105,10.9105,598,4,602,598,602,0,0,0,598,0,0,4,1,6.72888,6.72888,10.9153,10.9153,780,5,785,780,785,0,0,0,780,0,0,5,1,7.55704,7.55704,10.9221,10.9221,870,9,879,870,879,0,0,0,870,0,0,9,1,8.57041,8.57041,10.929,10.929,1121,7,1128,1121,1128,0,0,0,1121,0,0,7,1,9.95186,9.95186,10.938,10.938,1224,9,1233,1224,1233,0,0,0,1224,0,0,9,1,11.6501,11.6501,10.9493,10.9493,1330,4,1334,1330,1334,0,0,0,1330,0,0,4,1,13.8264,13.8264,10.962,10.962,1534,10,1544,1534,1544,0,0,0,1534,0,0,10,1,16.4838,16.4838,10.9753,10.9753,1621,18,1639,1621,1639,0,0,0,1621,0,0,18,1,19.672,19.672,10.9905,10.9905,1668,21,1689,1668,1689,0,0,0,1668,0,0,21,1,23.7058,23.7058,11.0069,11.0069,1864,13,1877,1864,1877,0,0,0,1864,0,0,13,1,28.5689,28.5689,11.0246,11.0246,2023,18,2041,2023,2041,0,0,0,2023,0,0,18,1,34.7582,34.7582,11.0431,11.0431,2130,17,2147,2130,2147,0,0,0,2130,0,0,17,1,42.3926,42.3926,11.0647,11.0647,2313,19,2332,2313,2332,0,0,0,2313,0,0,19,1,51.688,51.688,11.0857,11.0857,2350,26,2376,2350,2376,0,0,0,2350,0,0,26,1,62.6953,62.6953,11.1089,11.1089,2590,24,2614,2590,2614,0,0,0,2590,0,0,24,1,77.2712,77.2712,11.1315,11.1315,2650,21,2671,2650,2671,0,0,0,2650,0,0,21,1,94.0618,94.0618,11.1591,11.1591
1.16667,28,1680,64,1,65,64,65,0,0,0,64,0,0,1,1,5.25958,5.25958,10.5821,10.5821,206,2,208,206,208,0,0,0,206,0,0,2,1,5.38711,5.38711,10.5827,10.5827,333,2,335,333,335,0,0,0,333,0,0,2,1,5.66552,5.66552,10.585,10.585,498,3,501,498,501,0,0,0,498,0,0,3,1,6.11783,6.11783,10.5887,10.5887,598,4,602,598,602,0,0,0,598,0,0,4,1,6.73564,6.73564,10.5933,10.5933,779,6,785,779,785,0,0,0,779,0,0,6,1,7.56448,7.56448,10.5999,10.5999,870,9,879,870,879,0,0,0,870,0,0,9,1,8.57854,8.57854,10.6066,10.6066,1121,7,1128,1121,1128,0,0,0,1121,0,0,7,1,9.96068,9.96068,10.6153,10.6153,1223,10,1233,1223,1233,0,0,0,1223,0,0,10,1,11.6602,11.6602,10.6263,10.6263,1330,4,1334,1330,1334,0,0,0,1330,0,0,4,1,13.8379,13.8379,10.6386,10.6386,1532,12,1544,1532,1544,0,0,0,1532,0,0,12,1,16.4965,16.4965,10.6516,10.6516,1620,19,1639,1620,1639,0,0,0,1620,0,0,19,1,19.6861,19.6861,10.6663,10.6663,1668,21,1689,1668,1689,0,0,0,1668,0,0,21,1,23.7213,23.7213,10.6822,10.6822,1863,14,1877,1863,1877,0,0,0,1863,0,0,14,1,28.5881,28.5881,10.6994,10.6994,2022,19,2041,2022,2041,0,0,0,2022,0,0,19,1,34.7764,34.7764,10.7173,10.7173,2130,17,2147,2130,2147,0,0,0,2130,0,0,17,1,42.4135,42.4135,10.7383,10.7383,2312,20,2332,2312,2332,0,0,0,2312,0,0,20,1,51.7118,51.7118,10.7587,10.7587,2347,29,2376,2347,2376,0,0,0,2347,0,0,29,1,62.7225,62.7225,10.7812,10.7812,2586,28,2614,2586,2614,0,0,0,2586,0,0,28,1,77.2996,77.2996,10.8031,10.8031,2648,23,2671,2648,2671,0,0,0,2648,0,0,23,1,94.0853,94.0853,10.8299,10.8299
1.20833,29,1740,64,1,65,64,65,0,0,0,64,0,0,1,1,5.26398,5.26398,10.27,10.27,206,2,208,206,208,0,0,0,206,0,0,2,1,5.39129,5.39129,10.2705,10.2705,333,2,335,333,335,0,0,0,333,0,0,2,1,5.67005,5.67005,10.2728,10.2728,498,3,501,498,501,0,0,0,498,0,0,3,1,6.12274,6.12274,10.2764,10.2764,598,4,602,598,602,0,0,0,598,0,0,4,1,6.74091,6.74091,10.2809,10.2809,779,6,785,779,785,0,0,0,779,0,0,6,1,7.57054,7.57054,10.2873,10.2873,868,11,879,868,879,0,0,0,868,0,0,11,1,8.58493,8.58493,10.2938,10.2938,1121,7,1128,1121,1128,0,0,0,1121,0,0,7,1,9.96771,9.96771,10.3023,10.3023,1222,11,1233,1222,1233,0,0,0,1222,0,0,11,1,11.6678,11.6678,10.313,10.313,1330,4,1334,1330,1334,0,0,0,1330,0,0,4,1,13.846,13.846,10.3249,10.3249,1531,13,1544,1531,1544,0,0,0,1531,0,0,13,1,16.5052,16.5052,10.3374,10.3374,1619,20,1639,1619,1639,0,0,0,1619,0,0,20,1,19.6958,19.6958,10.3517,10.3517,1667,22,1689,1667,1689,0,0,0,1667,0,0,22,1,23.7308,23.7308,10.3671,10.3671,1863,14,1877,1863,1877,0,0,0,1863,0,0,14,1,28.5983,28.5983,10.3838,10.3838,2021,20,2041,2021,2041,0,0,0,2021,0,0,20,1,34.7862,34.7862,10.4012,10.4012,2129,18,2147,2129,2147,0,0,0,2129,0,0,18,1,42.4222,42.4222,10.4216,10.4216,2311,21,2332,2311,2332,0,0,0,2311,0,0,21,1,51.7193,51.7193,10.4414,10.4414,2347,29,2376,2347,2376,0,0,0,2347,0,0,29,1,62.728,62.728,10.4631,10.4631,2586,28,2614,2586,2614,0,0,0,2586,0,0,28,1,77.3038,77.3038,10.4844,10.4844,2648,23,2671,2648,2671,0,0,0,2648,0,0,23,1,94.0883,94.0883,10.5104,10.5104
1.25,30,1800,64,1,65,64,65,0,0,0,64,0,0,1,1,5.26733,5.26733,9.96719,9.96719,206,2,208,206,208,0,0,0,206,0,0,2,1,5.39484,5.39484,9.96767,9.96767,333,2,335,333,335,0,0,0,333,0,0,2,1,5.67378,5.67378,9.9699,9.9699,498,3,501,498,501,0,0,0,498,0,0,3,1,6.1268,6.1268,9.97334,9.97334,598,4,602,598,602,0,0,0,598,0,0,4,1,6.74545,6.74545,9.97771,9.97771,779,6,785,779,785,0,0,0,779,0,0,6,1,7.57549,7.57549,9.98395,9.98395,868,11,879,868,879,0,0,0,868,0,0,11,1,8.59086,8.59086,9.99023,9.99023,1120,8,1128,1120,1128,0,0,0,1120,0,0,8,1,9.97431,9.97431,9.99849,9.99849,1220,13,1233,1220,1233,0,0,0,1220,0,0,13,1,11.6743,11.6743,10.0089,10.0089,1330,4,1334,1330,1334,0,0,0,1330,0,0,4,1,13.8523,13.8523,10.0204,10.0204,1531,13,1544,1531,1544,0,0,0,1531,0,0,13,1,16.5114,16.5114,10.0326,10.0326,1619,20,1639,1619,1639,0,0,0,1619,0,0,20,1,19.7019,19.7019,10.0464,10.0464,1667,22,1689,1667,1689,0,0,0,1667,0,0,22,1,23.7378,23.7378,10.0614,10.0614,1862,15,1877,1862,1877,0,0,0,1862,0,0,15,1,28.6064,28.6064,10.0776,10.0776,2020,21,2041,2020,2041,0,0,0,2020,0,0,21,1,34.7951,34.7951,10.0944,10.0944,2127,20,2147,2127,2147,0,0,0,2127,0,0,20,1,42.4316,42.4316,10.1142,10.1142,2311,21,2332,2311,2332,0,0,0,2311,0,0,21,1,51.7278,51.7278,10.1334,10.1334,2347,29,2376,2347,2376,0,0,0,2347,0,0,29,1,62.7364,62.7364,10.1545,10.1545,2586,28,2614,2586,2614,0,0,0,2586,0,0,28,1,77.3118,77.3118,10.1752,10.1752,2646,25,2671,2646,2671,0,0,0,2646,0,0,25,1,94.0968,94.0968,10.2004,10.2004
1.29167,31,1860,64,1,65,64,65,0,0,0,64,0,0,1,1,5.27077,5.27077,9.67335,9.67335,206,2,208,206,208,0,0,0,206,0,0,2,1,5.39816,5.39816,9.67378,9.67378,333,2,335,333,335,0,0,0,333,0,0,2,1,5.67736,5.67736,9.67594,9.67594,498,3,501,498,501,0,0,0,498,0,0,3,1,6.13084,6.13084,9.67929,9.67929,597,5,602,597,602,0,0,0,597,0,0,5,1,6.74979,6.74979,9.68352,9.68352,779,6,785,779,785,0,0,0,779,0,0,6,1,7.58015,7.58015,9.68959,9.68959,868,11,879,868,879,0,0,0,868,0,0,11,1,8.59546,8.59546,9.69566,9.69566,1120,8,1128,1120,1128,0,0,0,1120,0,0,8,1,9.97939,9.97939,9.70369,9.70369,1219,14,1233,1219,1233,0,0,0,1219,0,0,14,1,11.68,11.68,9.71376,9.71376,1329,5,1334,1329,1334,0,0,0,1329,0,0,5,1,13.8584,13.8584,9.725,9.725,1531,13,1544,1531,1544,0,0,0,1531,0,0,13,1,16.5176,16.5176,9.73679,9.73679,1619,20,1639,1619,1639,0,0,0,1619,0,0,20,1,19.7087,19.7087,9.75017,9.75017,1666,23,1689,1666,1689,0,0,0,1666,0,0,23,1,23.7451,23.7451,9.76471,9.76471,1862,15,1877,1862,1877,0,0,0,1862,0,0,15,1,28.6146,28.6146,9.78042,9.78042,2020,21,2041,2020,2041,0,0,0,2020,0,0,21,1,34.8031,34.8031,9.79673,9.79673,2126,21,2147,2126,2147,0,0,0,2126,0,0,21,1,42.4404,42.4404,9.81595,9.81595,2310,22,2332,2310,2332,0,0,0,2310,0,0,22,1,51.7362,51.7362,9.83457,9.83457,2346,30,2376,2346,2376,0,0,0,2346,0,0,30,1,62.7447,62.7447,9.85507,9.85507,2586,28,2614,2586,2614,0,0,0,2586,0,0,28,1,77.318,77.318,9.87508,9.87508,2646,25,2671,2646,2671,0,0,0,2646,0,0,25,1,94.1018,94.1018,9.89961,9.89961
1.33333,32,1920,64,1,65,64,65,0,0,0,64,0,0,1,1,5.27289,5.27289,9.38817,9.38817,206,2,208,206,208,0,0,0,206,0,0,2,1,5.40064,5.40064,9.38856,9.38856,333,2,335,333,335,0,0,0,333,0,0,2,1,5.67992,5.67992,9.39066,9.39066,498,3,501,498,501,0,0,0,498,0,0,3,1,6.13361,6.13361,9.39392,9.39392,597,5,602,597,602,0,0,0,597,0,0,5,1,6.7531,6.7531,9.39801,9.39801,778,7,785,778,785,0,0,0,778,0,0,7,1,7.58375,7.58375,9.40391,9.40391,867,12,879,867,879,0,0,0,867,0,0,12,1,8.5997,8.5997,9.40979,9.40979,1120,8,1128,1120,1128,0,0,0,1120,0,0,8,1,9.98304,9.98304,9.4176,9.4176,1218,15,1233,1218,1233,0,0,0,1218,0,0,15,1,11.6842,11.6842,9.42736,9.42736,1329,5,1334,1329,1334,0,0,0,1329,0,0,5,1,13.8624,13.8624,9.43827,9.43827,1531,13,1544,1531,1544,0,0,0,1531,0,0,13,1,16.5222,16.5222,9.4497,9.4497,1618,21,1639,1618,1639,0,0,0,1618,0,0,21,1,19.714,19.714,9.46267,9.46267,1666,23,1689,1666,1689,0,0,0,1666,0,0,23,1,23.7505,23.7505,9.47679,9.47679,1861,16,1877,1861,1877,0,0,0,1861,0,0,16,1,28.6203,28.6203,9.49203,9.49203,2019,22,2041,2019,2041,0,0,0,2019,0,0,22,1,34.8094,34.8094,9.50785,9.50785,2126,21,2147,2126,2147,0,0,0,2126,0,0,21,1,42.4453,42.4453,9.5265,9.5265,2310,22,2332,2310,2332,0,0,0,2310,0,0,22,1,51.7407,51.7407,9.54455,9.54455,2346,30,2376,2346,2376,0,0,0,2346,0,0,30,1,62.7495,62.7495,9.56444,9.56444,2585,29,2614,2585,2614,0,0,0,2585,0,0,29,1,77.3223,77.3223,9.58385,9.58385,2646,25,2671,2646,2671,0,0,0,2646,0,0,25,1,94.1051,94.1051,9.60767,9.60767
1.375,33,1980,64,1,65,64,65,0,0,0,64,0,0,1,1,5.27911,5.27911,9.11151,9.11151,205,3,208,205,208,0,0,0,205,0,0,3,1,5.40596,5.40596,9.11183,9.11183,333,2,335,333,335,0,0,0,333,0,0,2,1,5.68489,5.68489,9.11387,9.11387,498,3,501,498,501,0,0,0,498,0,0,3,1,6.13825,6.13825,9.11702,9.11702,597,5,602,597,602,0,0,0,597,0,0,5,1,6.75758,6.75758,9.12097,9.12097,778,7,785,778,785,0,0,0,778,0,0,7,1,7.58848,7.58848,9.12671,9.12671,867,12,879,867,879,0,0,0,867,0,0,12,1,8.60488,8.60488,9.13241,9.13241,1119,9,1128,1119,1128,0,0,0,1119,0,0,9,1,9.98853,9.98853,9.13999,9.13999,1216,17,1233,1216,1233,0,0,0,1216,0,0,17,1,11.6893,11.6893,9.14946,9.14946,1329,5,1334,1329,1334,0,0,0,1329,0,0,5,1,13.867,13.867,9.16004,9.16004,1531,13,1544,1531,1544,0,0,0,1531,0,0,13,1,16.5262,16.5262,9.17111,9.17111,1618,21,1639,1618,1639,0,0,0,1618,0,0,21,1,19.7179,19.7179,9.18368,9.18368,1666,23,1689,1666,1689,0,0,0,1666,0,0,23,1,23.7545,23.7545,9.19737,9.19737,1859,18,1877,1859,1877,0,0,0,1859,0,0,18,1,28.6246,28.6246,9.21216,9.21216,2018,22,2040,2018,2040,0,0,0,2018,0,0,22,1,34.8131,34.8131,9.22748,9.22748,2127,21,2148,2127,2148,0,0,0,2127,0,0,21,1,42.4453,42.4453,9.2456,9.2456,2309,23,2332,2309,2332,0,0,0,2309,0,0,23,1,51.7447,51.7447,9.26311,9.26311,2346,30,2376,2346,2376,0,0,0,2346,0,0,30,1,62.7506,62.7506,9.2824,9.2824,2585,29,2614,2585,2614,0,0,0,2585,0,0,29,1,77.325,77.325,9.30123,9.30123,2646,25,2671,2646,2671,0,0,0,2646,0,0,25,1,94.107,94.107,9.32435,9.32435
1.41667,34,2040,64,1,65,64,65,0,0,0,64,0,0,1,1,5.28048,5.28048,8.84298,8.84298,205,3,208,205,208,0,0,0,205,0,0,3,1,5.40756,5.40756,8.84327,8.84327,333,2,335,333,335,0,0,0,333,0,0,2,1,5.68655,5.68655,8.84525,8.84525,498,3,501,498,501,0,0,0,498,0,0,3,1,6.14009,6.14009,8.84831,8.84831,596,6,602,596,602,0,0,0,596,0,0,6,1,6.75981,6.75981,8.85213,8.85213,778,7,785,778,785,0,0,0,778,0,0,7,1,7.59049,7.59049,8.8577,8.8577,867,12,879,867,879,0,0,0,867,0,0,12,1,8.60672,8.60672,8.86321,8.86321,1119,9,1128,1119,1128,0,0,0,1119,0,0,9,1,9.99008,9.99008,8.87057,8.87057,1216,17,1233,1216,1233,0,0,0,1216,0,0,17,1,11.6912,11.6912,8.87975,8.87975,1329,5,1334,1329,1334,0,0,0,1329,0,0,5,1,13.8688,13.8688,8.89002,8.89002,1531,13,1544,1531,1544,0,0,0,1531,0,0,13,1,16.5284,16.5284,8.90074,8.90074,1618,21,1639,1618,1639,0,0,0,1618,0,0,21,1,19.7206,19.7206,8.91293,8.91293,1666,23,1689,1666,1689,0,0,0,1666,0,0,23,1,23.7572,23.7572,8.92621,8.92621,1858,19,1877,1858,1877,0,0,0,1858,0,0,19,1,28.628,28.628,8.94057,8.94057,2018,22,2040,2018,2040,0,0,0,2018,0,0,22,1,34.8161,34.8161,8.95541,8.95541,2127,21,2148,2127,2148,0,0,0,2127,0,0,21,1,42.4471,42.4471,8.97299,8.97299,2309,23,2332,2309,2332,0,0,0,2309,0,0,23,1,51.7463,51.7463,8.98998,8.98998,2346,30,2376,2346,2376,0,0,0,2346,0,0,30,1,62.7518,62.7518,9.00869,9.00869,2585,29,2614,2585,2614,0,0,0,2585,0,0,29,1,77.3259,77.3259,9.02696,9.02696,2646,25,2671,2646,2671,0,0,0,2646,0,0,25,1,94.1076,94.1076,9.04941,9.04941
1.45833,35,2100,64,1,65,64,65,0,0,0,64,0,0,1,1,5.28386,5.28386,8.58235,8.58235,205,3,208,205,208,0,0,0,205,0,0,3,1,5.41077,5.41077,8.5826,8.5826,333,2,335,333,335,0,0,0,333,0,0,2,1,5.68998,5.68998,8.58453,8.58453,498,3,501,498,501,0,0,0,498,0,0,3,1,6.14381,6.14381,8.5875,8.5875,596,6,602,596,602,0,0,0,596,0,0,6,1,6.76384,6.76384,8.5912,8.5912,777,8,785,777,785,0,0,0,777,0,0,8,1,7.59483,7.59483,8.59661,8.59661,867,12,879,867,879,0,0,0,867,0,0,12,1,8.61097,8.61097,8.60194,8.60194,1119,9,1128,1119,1128,0,0,0,1119,0,0,9,1,9.99474,9.99474,8.60908,8.60908,1216,17,1233,1216,1233,0,0,0,1216,0,0,17,1,11.6968,11.6968,8.61799,8.61799,1327,7,1334,1327,1334,0,0,0,1327,0,0,7,1,13.8748,13.8748,8.62796,8.62796,1531,13,1544,1531,1544,0,0,0,1531,0,0,13,1,16.5345,16.5345,8.63836,8.63836,1617,22,1639,1617,1639,0,0,0,1617,0,0,22,1,19.7275,19.7275,8.65018,8.65018,1666,23,1689,1666,1689,0,0,0,1666,0,0,23,1,23.7645,23.7645,8.66306,8.66306,1857,20,1877,1857,1877,0,0,0,1857,0,0,20,1,28.6366,28.6366,8.677,8.677,2017,23,2040,2017,2040,0,0,0,2017,0,0,23,1,34.8255,34.8255,8.69138,8.69138,2125,23,2148,2125,2148,0,0,0,2125,0,0,23,1,42.4573,42.4573,8.70845,8.70845,2308,24,2332,2308,2332,0,0,0,2308,0,0,24,1,51.7573,51.7573,8.72493,8.72493,2345,31,2376,2345,2376,0,0,0,2345,0,0,31,1,62.7617,62.7617,8.74308,8.74308,2584,30,2614,2584,2614,0,0,0,2584,0,0,30,1,77.3335,77.3335,8.7608,8.7608,2646,25,2671,2646,2671,0,0,0,2646,0,0,25,1,94.1131,94.1131,8.7826,8.7826
1.5,36,2160,64,1,65,64,65,0,0,0,64,0,0,1,1,5.28535,5.28535,8.32941,8.32941,205,3,208,205,208,0,0,0,205,0,0,3,1,5.41235,5.41235,8.32963,8.32963,333,2,335,333,335,0,0,0,333,0,0,2,1,5.69162,5.69162,8.3315,8.3315,498,3,501,498,501,0,0,0,498,0,0,3,1,6.14565,6.14565,8.33438,8.33438,596,6,602,596,602,0,0,0,596,0,0,6,1,6.76584,6.76584,8.33796,8.33796,777,8,785,777,785,0,0,0,777,0,0,8,1,7.59712,7.59712,8.34322,8.34322,867,12,879,867,879,0,0,0,867,0,0,12,1,8.61352,8.61352,8.34838,8.34838,1119,9,1128,1119,1128,0,0,0,1119,0,0,9,1,9.9976,9.9976,8.35533,8.35533,1216,17,1233,1216,1233,0,0,0,1216,0,0,17,1,11.7001,11.7001,8.36398,8.36398,1327,7,1334,1327,1334,0,0,0,1327,0,0,7,1,13.8787,13.8787,8.37365,8.37365,1531,13,1544,1531,1544,0,0,0,1531,0,0,13,1,16.5392,16.5392,8.38373,8.38373,1617,22,1639,1617,1639,0,0,0,1617,0,0,22,1,19.7333,19.7333,8.3952,8.3952,1665,24,1689,1665,1689,0,0,0,1665,0,0,24,1,23.7705,23.7705,8.4077,8.4077,1857,20,1877,1857,1877,0,0,0,1857,0,0,20,1,28.643,28.643,8.42123,8.42123,2017,23,2040,2017,2040,0,0,0,2017,0,0,23,1,34.8315,34.8315,8.43517,8.43517,2125,23,2148,2125,2148,0,0,0,2125,0,0,23,1,42.4631,42.4631,8.45173,8.45173,2308,24,2332,2308,2332,0,0,0,2308,0,0,24,1,51.7628,51.7628,8.46772,8.46772,2345,31,2376,2345,2376,0,0,0,2345,0,0,31,1,62.7675,62.7675,8.48533,8.48533,2583,31,2614,2583,2614,0,0,0,2583,0,0,31,1,77.3391,77.3391,8.50251,8.50251,2645,26,2671,2645,2671,0,0,0,2645,0,0,26,1,94.1186,94.1186,8.52368,8.52368
1.54167,37,2220,64,1,65,64,65,0,0,0,64,0,0,1,1,5.28921,5.28921,8.08395,8.08395,204,4,208,204,208,0,0,0,204,0,0,4,1,5.41686,5.41686,8.08415,8.08415,333,2,335,333,335,0,0,0,333,0,0,2,1,5.69534,5.69534,8.08596,8.08596,498,3,501,498,501,0,0,0,498,0,0,3,1,6.14891,6.14891,8.08874,8.08874,596,6,602,596,602,0,0,0,596,0,0,6,1,6.76899,6.76899,8.09219,8.09219,777,8,785,777,785,0,0,0,777,0,0,8,1,7.60036,7.60036,8.09731,8.09731,867,12,879,867,879,0,0,0,867,0,0,12,1,8.61696,8.61696,8.1023,8.1023,1119,9,1128,1119,1128,0,0,0,1119,0,0,9,1,10.0014,10.0014,8.10905,8.10905,1216,17,1233,1216,1233,0,0,0,1216,0,0,17,1,11.7044,11.7044,8.11745,8.11745,1326,8,1334,1326,1334,0,0,0,1326,0,0,8,1,13.884,13.884,8.12685,8.12685,1531,13,1544,1531,1544,0,0,0,1531,0,0,13,1,16.5448,16.5448,8.13661,8.13661,1617,22,1639,1617,1639,0,0,0,1617,0,0,22,1,19.7391,19.7391,8.14774,8.14774,1666,24,1690,1666,1690,0,0,0,1666,0,0,24,1,23.7794,23.7794,8.15987,8.15987,1856,20,1876,1856,1876,0,0,0,1856,0,0,20,1,28.6521,28.6521,8.173,8.173,2017,23,2040,2017,2040,0,0,0,2017,0,0,23,1,34.8412,34.8412,8.18651,8.18651,2124,24,2148,2124,2148,0,0,0,2124,0,0,24,1,42.4742,42.4742,8.2026,8.2026,2307,25,2332,2307,2332,0,0,0,2307,0,0,25,1,51.7752,51.7752,8.21811,8.21811,2344,32,2376,2344,2376,0,0,0,2344,0,0,32,1,62.7808,62.7808,8.2352,8.2352,2581,33,2614,2581,2614,0,0,0,2581,0,0,33,1,77.3515,77.3515,8.25187,8.25187,2645,26,2671,2645,2671,0,0,0,2645,0,0,26,1,94.1284,94.1284,8.27242,8.27242
1.58333,38,2280,64,1,65,64,65,0,0,0,64,0,0,1,1,5.29007,5.29007,7.84572,7.84572,204,4,208,204,208,0,0,0,204,0,0,4,1,5.41772,5.41772,7.84588,7.84588,333,2,335,333,335,0,0,0,333,0,0,2,1,5.69624,5.69624,7.84764,7.84764,498,3,501,498,501,0,0,0,498,0,0,3,1,6.14986,6.14986,7.85034,7.85034,596,6,602,596,602,0,0,0,596,0,0,6,1,6.77001,6.77001,7.85368,7.85368,777,8,785,777,785,0,0,0,777,0,0,8,1,7.60157,7.60157,7.85866,7.85866,867,12,879,867,879,0,0,0,867,0,0,12,1,8.61831,8.61831,7.86349,7.86349,1119,9,1128,1119,1128,0,0,0,1119,0,0,9,1,10.0029,10.0029,7.87005,7.87005,1216,17,1233,1216,1233,0,0,0,1216,0,0,17,1,11.7062,11.7062,7.87819,7.87819,1326,8,1334,1326,1334,0,0,0,1326,0,0,8,1,13.886,13.886,7.88732,7.88732,1531,13,1544,1531,1544,0,0,0,1531,0,0,13,1,16.5474,16.5474,7.89679,7.89679,1617,22,1639,1617,1639,0,0,0,1617,0,0,22,1,19.7422,19.7422,7.90758,7.90758,1666,24,1690,1666,1690,0,0,0,1666,0,0,24,1,23.7827,23.7827,7.91935,7.91935,1856,20,1876,1856,1876,0,0,0,1856,0,0,20,1,28.6562,28.6562,7.93211,7.93211,2017,23,2040,2017,2040,0,0,0,2017,0,0,23,1,34.8462,34.8462,7.94521,7.94521,2123,25,2148,2123,2148,0,0,0,2123,0,0,25,1,42.4809,42.4809,7.96083,7.96083,2306,26,2332,2306,2332,0,0,0,2306,0,0,26,1,51.7818,51.7818,7.97588,7.97588,2344,32,2376,2344,2376,0,0,0,2344,0,0,32,1,62.7867,62.7867,7.99246,7.99246,2580,34,2614,2580,2614,0,0,0,2580,0,0,34,1,77.3574,77.3574,8.00863,8.00863,2644,27,2671,2644,2671,0,0,0,2644,0,0,27,1,94.1338,94.1338,8.02858,8.02858
1.625,39,2340,64,1,65,64,65,0,0,0,64,0,0,1,1,5.29364,5.29364,7.61452,7.61452,204,4,208,204,208,0,0,0,204,0,0,4,1,5.42163,5.42163,7.61466,7.61466,333,2,335,333,335,0,0,0,333,0,0,2,1,5.7003,5.7003,7.61638,7.61638,498,3,501,498,501,0,0,0,498,0,0,3,1,6.15435,6.15435,7.619,7.619,596,6,602,596,602,0,0,0,596,0,0,6,1,6.77489,6.77489,7.62223,7.62223,776,9,785,776,785,0,0,0,776,0,0,9,1,7.60656,7.60656,7.62707,7.62707,866,13,879,866,879,0,0,0,866,0,0,13,1,8.6235,8.6235,7.63175,7.63175,1118,10,1128,1118,1128,0,0,0,1118,0,0,10,1,10.0083,10.0083,7.63812,7.63812,1216,17,1233,1216,1233,0,0,0,1216,0,0,17,1,11.7114,11.7114,7.64602,7.64602,1326,8,1334,1326,1334,0,0,0,1326,0,0,8,1,13.8913,13.8913,7.65488,7.65488,1530,14,1544,1530,1544,0,0,0,1530,0,0,14,1,16.5526,16.5526,7.66406,7.66406,1617,22,1639,1617,1639,0,0,0,1617,0,0,22,1,19.7479,19.7479,7.67452,7.67452,1665,25,1690,1665,1690,0,0,0,1665,0,0,25,1,23.7887,23.7887,7.68595,7.68595,1856,20,1876,1856,1876,0,0,0,1856,0,0,20,1,28.6622,28.6622,7.69832,7.69832,2017,23,2040,2017,2040,0,0,0,2017,0,0,23,1,34.8521,34.8521,7.71102,7.71102,2123,25,2148,2123,2148,0,0,0,2123,0,0,25,1,42.4876,42.4876,7.72619,7.72619,2306,26,2332,2306,2332,0,0,0,2306,0,0,26,1,51.7893,51.7893,7.74079,7.74079,2344,32,2376,2344,2376,0,0,0,2344,0,0,32,1,62.7951,62.7951,7.75689,7.75689,2578,36,2614,2578,2614,0,0,0,2578,0,0,36,1,77.3663,77.3663,7.77257,7.77257,2643,28,2671,2643,2671,0,0,0,2643,0,0,28,1,94.1412,94.1412,7.79195,7.79195
1.66667,40,2400,64,1,65,64,65,0,0,0,64,0,0,1,1,5.29455,5.29455,7.39015,7.39015,204,4,208,204,208,0,0,0,204,0,0,4,1,5.42265,5.42265,7.39027,7.39027,333,2,335,333,335,0,0,0,333,0,0,2,1,5.70135,5.70135,7.39193,7.39193,498,3,501,498,501,0,0,0,498,0,0,3,1,6.15551,6.15551,7.39447,7.39447,596,6,602,596,602,0,0,0,596,0,0,6,1,6.77621,6.77621,7.3976,7.3976,776,9,785,776,785,0,0,0,776,0,0,9,1,7.60798,7.60798,7.40231,7.40231,866,13,879,866,879,0,0,0,866,0,0,13,1,8.6252,8.6252,7.40684,7.40684,1118,10,1128,1118,1128,0,0,0,1118,0,0,10,1,10.0105,10.0105,7.41303,7.41303,1214,19,1233,1214,1233,0,0,0,1214,0,0,19,1,11.714,11.714,7.42069,7.42069,1326,8,1334,1326,1334,0,0,0,1326,0,0,8,1,13.8942,13.8942,7.42929,7.42929,1530,14,1544,1530,1544,0,0,0,1530,0,0,14,1,16.5558,16.5558,7.43819,7.43819,1617,22,1639,1617,1639,0,0,0,1617,0,0,22,1,19.7518,19.7518,7.44834,7.44834,1665,25,1690,1665,1690,0,0,0,1665,0,0,25,1,23.7934,23.7934,7.45943,7.45943,1856,20,1876,1856,1876,0,0,0,1856,0,0,20,1,28.6678,28.6678,7.47144,7.47144,2017,23,2040,2017,2040,0,0,0,2017,0,0,23,1,34.8591,34.8591,7.48376,7.48376,2123,25,2148,2123,2148,0,0,0,2123,0,0,25,1,42.4957,42.4957,7.49849,7.49849,2305,27,2332,2305,2332,0,0,0,2305,0,0,27,1,51.8006,51.8006,7.51266,7.51266,2343,33,2376,2343,2376,0,0,0,2343,0,0,33,1,62.8056,62.8056,7.52828,7.52828,2576,38,2614,2576,2614,0,0,0,2576,0,0,38,1,77.3776,77.3776,7.54349,7.54349,2642,29,2671,2642,2671,0,0,0,2642,0,0,29,1,94.1511,94.1511,7.56231,7.56231
1.70833,41,2460,64,1,65,64,65,0,0,0,64,0,0,1,1,5.29902,5.29902,7.1724,7.1724,204,4,208,204,208,0,0,0,204,0,0,4,1,5.42747,5.42747,7.17249,7.17249,333,2,335,333,335,0,0,0,333,0,0,2,1,5.70633,5.70633,7.17411,7.17411,498,3,501,498,501,0,0,0,498,0,0,3,1,6.1607,6.1607,7.17658,7.17658,596,6,602,596,602,0,0,0,596,0,0,6,1,6.78202,6.78202,7.17961,7.17961,776,9,785,776,785,0,0,0,776,0,0,9,1,7.61463,7.61463,7.1842,7.1842,865,14,879,865,879,0,0,0,865,0,0,14,1,8.63231,8.63231,7.18858,7.18858,1117,11,1128,1117,1128,0,0,0,1117,0,0,11,1,10.0179,10.0179,7.1946,7.1946,1214,19,1233,1214,1233,0,0,0,1214,0,0,19,1,11.7223,11.7223,7.20204,7.20204,1326,8,1334,1326,1334,0,0,0,1326,0,0,8,1,13.9023,13.9023,7.21039,7.21039,1530,14,1544,1530,1544,0,0,0,1530,0,0,14,1,16.5648,16.5648,7.21901,7.21901,1617,22,1639,1617,1639,0,0,0,1617,0,0,22,1,19.7613,19.7613,7.22886,7.22886,1664,26,1690,1664,1690,0,0,0,1664,0,0,26,1,23.804,23.804,7.23962,7.23962,1856,20,1876,1856,1876,0,0,0,1856,0,0,20,1,28.6792,28.6792,7.25128,7.25128,2016,24,2040,2016,2040,0,0,0,2016,0,0,24,1,34.8725,34.8725,7.26322,7.26322,2122,26,2148,2122,2148,0,0,0,2122,0,0,26,1,42.51,42.51,7.27753,7.27753,2302,30,2332,2302,2332,0,0,0,2302,0,0,30,1,51.8164,51.8164,7.29128,7.29128,2342,34,2376,2342,2376,0,0,0,2342,0,0,34,1,62.8204,62.8204,7.30643,7.30643,2576,38,2614,2576,2614,0,0,0,2576,0,0,38,1,77.3902,77.3902,7.32119,7.32119,2641,30,2671,2641,2671,0,0,0,2641,0,0,30,1,94.1626,94.1626,7.33946,7.33946
1.75,42,2520,63,2,65,63,65,0,0,0,63,0,0,2,1,5.30648,5.30648,6.96117,6.96117,204,4,208,204,208,0,0,0,204,0,0,4,1,5.43333,5.43333,6.96122,6.96122,333,2,335,333,335,0,0,0,333,0,0,2,1,5.7116,5.7116,6.96278,6.96278,498,3,501,498,501,0,0,0,498,0,0,3,1,6.16579,6.16579,6.96517,6.96517,596,6,602,596,602,0,0,0,596,0,0,6,1,6.78734,6.78734,6.96809,6.96809,776,9,785,776,785,0,0,0,776,0,0,9,1,7.62003,7.62003,6.97255,6.97255,864,15,879,864,879,0,0,0,864,0,0,15,1,8.63833,8.63833,6.9768,6.9768,1116,12,1128,1116,1128,0,0,0,1116,0,0,12,1,10.0239,10.0239,6.98264,6.98264,1214,19,1233,1214,1233,0,0,0,1214,0,0,19,1,11.7286,11.7286,6.98986,6.98986,1324,10,1334,1324,1334,0,0,0,1324,0,0,10,1,13.9093,13.9093,6.99796,6.99796,1530,14,1544,1530,1544,0,0,0,1530,0,0,14,1,16.5721,16.5721,7.00632,7.00632,1617,22,1639,1617,1639,0,0,0,1617,0,0,22,1,19.7696,19.7696,7.01587,7.01587,1664,26,1690,1664,1690,0,0,0,1664,0,0,26,1,23.8137,23.8137,7.02631,7.02631,1855,21,1876,1855,1876,0,0,0,1855,0,0,21,1,28.6908,28.6908,7.03764,7.03764,2016,24,2040,2016,2040,0,0,0,2016,0,0,24,1,34.8847,34.8847,7.04922,7.04922,2122,26,2148,2122,2148,0,0,0,2122,0,0,26,1,42.5243,42.5243,7.06311,7.06311,2300,32,2332,2300,2332,0,0,0,2300,0,0,32,1,51.8314,51.8314,7.07645,7.07645,2341,35,2376,2341,2376,0,0,0,2341,0,0,35,1,62.8365,62.8365,7.09115,7.09115,2573,41,2614,2573,2614,0,0,0,2573,0,0,41,1,77.4059,77.4059,7.10547,7.10547,2641,30,2671,2641,2671,0,0,0,2641,0,0,30,1,94.1742,94.1742,7.1232,7.1232
1.79167,43,2580,63,2,65,63,65,0,0,0,63,0,0,2,1,5.31283,5.31283,6.75614,6.75614,204,4,208,204,208,0,0,0,204,0,0,4,1,5.43946,5.43946,6.75617,6.75617,333,2,335,333,335,0,0,0,333,0,0,2,1,5.71818,5.71818,6.75769,6.75769,497,4,501,497,501,0,0,0,497,0,0,4,1,6.17308,6.17308,6.76002,6.76002,595,7,602,595,602,0,0,0,595,0,0,7,1,6.79453,6.79453,6.76285,6.76285,776,9,785,776,785,0,0,0,776,0,0,9,1,7.62757,7.62757,6.76718,6.76718,864,15,879,864,879,0,0,0,864,0,0,15,1,8.64596,8.64596,6.77129,6.77129,1116,12,1128,1116,1128,0,0,0,1116,0,0,12,1,10.0319,10.0319,6.77697,6.77697,1214,19,1233,1214,1233,0,0,0,1214,0,0,19,1,11.738,11.738,6.78398,6.78398,1322,12,1334,1322,1334,0,0,0,1322,0,0,12,1,13.919,13.919,6.79184,6.79184,1529,15,1544,1529,1544,0,0,0,1529,0,0,15,1,16.5818,16.5818,6.79994,6.79994,1617,22,1639,1617,1639,0,0,0,1617,0,0,22,1,19.7799,19.7799,6.8092,6.8092,1663,27,1690,1663,1690,0,0,0,1663,0,0,27,1,23.8239,23.8239,6.81933,6.81933,1855,21,1876,1855,1876,0,0,0,1855,0,0,21,1,28.7019,28.7019,6.83032,6.83032,2015,25,2040,2015,2040,0,0,0,2015,0,0,25,1,34.8964,34.8964,6.84155,6.84155,2121,27,2148,2121,2148,0,0,0,2121,0,0,27,1,42.5367,42.5367,6.85503,6.85503,2299,33,2332,2299,2332,0,0,0,2299,0,0,33,1,51.8443,51.8443,6.86797,6.86797,2339,37,2376,2339,2376,0,0,0,2339,0,0,37,1,62.8494,62.8494,6.88224,6.88224,2572,42,2614,2572,2614,0,0,0,2572,0,0,42,1,77.417,77.417,6.89612,6.89612,2641,30,2671,2641,2671,0,0,0,2641,0,0,30,1,94.1824,94.1824,6.91334,6.91334
1.83333,44,2640,63,2,65,63,65,0,0,0,63,0,0,2,1,5.31449,5.31449,6.55719,6.55719,204,4,208,204,208,0,0,0,204,0,0,4,1,5.44118,5.44118,6.55719,6.55719,333,2,335,333,335,0,0,0,333,0,0,2,1,5.71999,5.71999,6.55868,6.55868,497,4,501,497,501,0,0,0,497,0,0,4,1,6.17503,6.17503,6.56093,6.56093,595,7,602,595,602,0,0,0,595,0,0,7,1,6.79674,6.79674,6.56366,6.56366,776,9,785,776,785,0,0,0,776,0,0,9,1,7.63005,7.63005,6.56787,6.56787,864,15,879,864,879,0,0,0,864,0,0,15,1,8.64879,8.64879,6.57184,6.57184,1116,12,1128,1116,1128,0,0,0,1116,0,0,12,1,10.0352,10.0352,6.57736,6.57736,1214,19,1233,1214,1233,0,0,0,1214,0,0,19,1,11.7418,11.7418,6.58417,6.58417,1322,12,1334,1322,1334,0,0,0,1322,0,0,12,1,13.9236,13.9236,6.5918,6.5918,1529,15,1544,1529,1544,0,0,0,1529,0,0,15,1,16.5877,16.5877,6.59965,6.59965,1617,22,1639,1617,1639,0,0,0,1617,0,0,22,1,19.7866,19.7866,6.60863,6.60863,1663,27,1690,1663,1690,0,0,0,1663,0,0,27,1,23.8316,23.8316,6.61846,6.61846,1853,23,1876,1853,1876,0,0,0,1853,0,0,23,1,28.7111,28.7111,6.62913,6.62913,2014,26,2040,2014,2040,0,0,0,2014,0,0,26,1,34.9051,34.9051,6.64001,6.64001,2121,27,2148,2121,2148,0,0,0,2121,0,0,27,1,42.545,42.545,6.6531,6.6531,2297,35,2332,2297,2332,0,0,0,2297,0,0,35,1,51.8526,51.8526,6.66565,6.66565,2339,37,2376,2339,2376,0,0,0,2339,0,0,37,1,62.8566,62.8566,6.67949,6.67949,2571,43,2614,2571,2614,0,0,0,2571,0,0,43,1,77.4232,77.4232,6.69296,6.69296,2641,30,2671,2641,2671,0,0,0,2641,0,0,30,1,94.1866,94.1866,6.70968,6.70968
1.875,45,2700,63,2,65,63,65,0,0,0,63,0,0,2,1,5.31866,5.31866,6.3641,6.3641,204,4,208,204,208,0,0,0,204,0,0,4,1,5.44538,5.44538,6.36409,6.36409,333,2,335,333,335,0,0,0,333,0,0,2,1,5.7244,5.7244,6.36553,6.36553,496,5,501,496,501,0,0,0,496,0,0,5,1,6.17972,6.17972,6.36772,6.36772,595,7,602,595,602,0,0,0,595,0,0,7,1,6.80132,6.80132,6.37036,6.37036,775,10,785,775,785,0,0,0,775,0,0,10,1,7.63472,7.63472,6.37444,6.37444,864,15,879,864,879,0,0,0,864,0,0,15,1,8.65328,8.65328,6.37829,6.37829,1116,12,1128,1116,1128,0,0,0,1116,0,0,12,1,10.0396,10.0396,6.38365,6.38365,1214,19,1233,1214,1233,0,0,0,1214,0,0,19,1,11.7466,11.7466,6.39025,6.39025,1322,12,1334,1322,1334,0,0,0,1322,0,0,12,1,13.9291,13.9291,6.39766,6.39766,1529,15,1544,1529,1544,0,0,0,1529,0,0,15,1,16.5936,16.5936,6.40527,6.40527,1617,22,1639,1617,1639,0,0,0,1617,0,0,22,1,19.7936,19.7936,6.41399,6.41399,1663,27,1690,1663,1690,0,0,0,1663,0,0,27,1,23.8398,23.8398,6.42353,6.42353,1853,23,1876,1853,1876,0,0,0,1853,0,0,23,1,28.7211,28.7211,6.43389,6.43389,2013,27,2040,2013,2040,0,0,0,2013,0,0,27,1,34.9163,34.9163,6.44444,6.44444,2121,27,2148,2121,2148,0,0,0,2121,0,0,27,1,42.5586,42.5586,6.45715,6.45715,2297,35,2332,2297,2332,0,0,0,2297,0,0,35,1,51.8676,51.8676,6.46932,6.46932,2339,37,2376,2339,2376,0,0,0,2339,0,0,37,1,62.8737,62.8737,6.48275,6.48275,2568,46,2614,2568,2614,0,0,0,2568,0,0,46,1,77.4409,77.4409,6.49581,6.49581,2638,33,2671,2638,2671,0,0,0,2638,0,0,33,1,94.2052,94.2052,6.51205,6.51205
1.91667,46,2760,63,2,65,63,65,0,0,0,63,0,0,2,1,5.32357,5.32357,6.17674,6.17674,203,5,208,203,208,0,0,0,203,0,0,5,1,5.44993,5.44993,6.1767,6.1767,333,2,335,333,335,0,0,0,333,0,0,2,1,5.72905,5.72905,6.1781,6.1781,496,5,501,496,501,0,0,0,496,0,0,5,1,6.18393,6.18393,6.18021,6.18021,595,7,602,595,602,0,0,0,595,0,0,7,1,6.8053,6.8053,6.18276,6.18276,775,10,785,775,785,0,0,0,775,0,0,10,1,7.63894,7.63894,6.18673,6.18673,864,15,879,864,879,0,0,0,864,0,0,15,1,8.65787,8.65787,6.19045,6.19045,1116,12,1128,1116,1128,0,0,0,1116,0,0,12,1,10.0447,10.0447,6.19566,6.19566,1213,20,1233,1213,1233,0,0,0,1213,0,0,20,1,11.7522,11.7522,6.20207,6.20207,1322,12,1334,1322,1334,0,0,0,1322,0,0,12,1,13.9352,13.9352,6.20925,6.20925,1529,15,1544,1529,1544,0,0,0,1529,0,0,15,1,16.6002,16.6002,6.21664,6.21664,1617,22,1639,1617,1639,0,0,0,1617,0,0,22,1,19.8006,19.8006,6.22509,6.22509,1662,28,1690,1662,1690,0,0,0,1662,0,0,28,1,23.8483,23.8483,6.23435,6.23435,1851,25,1876,1851,1876,0,0,0,1851,0,0,25,1,28.7303,28.7303,6.24441,6.24441,2012,28,2040,2012,2040,0,0,0,2012,0,0,28,1,34.9261,34.9261,6.25464,6.25464,2120,28,2148,2120,2148,0,0,0,2120,0,0,28,1,42.569,42.569,6.26698,6.26698,2295,37,2332,2295,2332,0,0,0,2295,0,0,37,1,51.8772,51.8772,6.27879,6.27879,2337,39,2376,2337,2376,0,0,0,2337,0,0,39,1,62.8818,62.8818,6.29182,6.29182,2568,46,2614,2568,2614,0,0,0,2568,0,0,46,1,77.4467,77.4467,6.30449,6.30449,2638,33,2671,2638,2671,0,0,0,2638,0,0,33,1,94.2089,94.2089,6.32025,6.32025
1.95833,47,2820,63,2,65,63,65,0,0,0,63,0,0,2,1,5.32601,5.32601,5.99488,5.99488,203,5,208,203,208,0,0,0,203,0,0,5,1,5.45251,5.45251,5.99482,5.99482,333,2,335,333,335,0,0,0,333,0,0,2,1,5.73176,5.73176,5.99619,5.99619,496,5,501,496,501,0,0,0,496,0,0,5,1,6.18683,6.18683,5.99824,5.99824,595,7,602,595,602,0,0,0,595,0,0,7,1,6.80855,6.80855,6.0007,6.0007,775,10,785,775,785,0,0,0,775,0,0,10,1,7.64255,7.64255,6.00456,6.00456,864,15,879,864,879,0,0,0,864,0,0,15,1,8.66195,8.66195,6.00816,6.00816,1115,13,1128,1115,1128,0,0,0,1115,0,0,13,1,10.0495,10.0495,6.01323,6.01323,1212,21,1233,1212,1233,0,0,0,1212,0,0,21,1,11.7574,11.7574,6.01945,6.01945,1322,12,1334,1322,1334,0,0,0,1322,0,0,12,1,13.9404,13.9404,6.02642,6.02642,1529,15,1544,1529,1544,0,0,0,1529,0,0,15,1,16.6059,16.6059,6.03358,6.03358,1617,22,1639,1617,1639,0,0,0,1617,0,0,22,1,19.8071,19.8071,6.04178,6.04178,1662,28,1690,1662,1690,0,0,0,1662,0,0,28,1,23.8552,23.8552,6.05077,6.05077,1851,25,1876,1851,1876,0,0,0,1851,0,0,25,1,28.7384,28.7384,6.06053,6.06053,2012,28,2040,2012,2040,0,0,0,2012,0,0,28,1,34.9356,34.9356,6.07045,6.07045,2119,29,2148,2119,2148,0,0,0,2119,0,0,29,1,42.5796,42.5796,6.08243,6.08243,2295,37,2332,2295,2332,0,0,0,2295,0,0,37,1,51.888,51.888,6.09389,6.09389,2336,40,2376,2336,2376,0,0,0,2336,0,0,40,1,62.8934,62.8934,6.10654,6.10654,2567,47,2614,2567,2614,0,0,0,2567,0,0,47,1,77.4568,77.4568,6.11882,6.11882,2638,33,2671,2638,2671,0,0,0,2638,0,0,33,1,94.2165,94.2165,6.13412,6.13412
2,48,2880,63,2,65,63,65,0,0,0,63,0,0,2,1,5.3269,5.3269,5.81839,5.81839,203,5,208,203,208,0,0,0,203,0,0,5,1,5.45347,5.45347,5.81831,5.81831,333,2,335,333,335,0,0,0,333,0,0,2,1,5.73277,5.73277,5.81964,5.81964,496,5,501,496,501,0,0,0,496,0,0,5,1,6.18792,6.18792,5.82162,5.82162,595,7,602,595,602,0,0,0,595,0,0,7,1,6.80979,6.80979,5.82401,5.82401,775,10,785,775,785,0,0,0,775,0,0,10,1,7.64388,7.64388,5.82776,5.82776,864,15,879,864,879,0,0,0,864,0,0,15,1,8.6635,8.6635,5.83125,5.83125,1115,13,1128,1115,1128,0,0,0,1115,0,0,13,1,10.0514,10.0514,5.83618,5.83618,1212,21,1233,1212,1233,0,0,0,1212,0,0,21,1,11.7596,11.7596,5.84221,5.84221,1322,12,1334,1322,1334,0,0,0,1322,0,0,12,1,13.943,13.943,5.84898,5.84898,1529,15,1544,1529,1544,0,0,0,1529,0,0,15,1,16.6088,16.6088,5.85592,5.85592,1617,22,1639,1617,1639,0,0,0,1617,0,0,22,1,19.8108,19.8108,5.86387,5.86387,1662,28,1690,1662,1690,0,0,0,1662,0,0,28,1,23.8596,23.8596,5.8726,5.8726,1851,25,1876,1851,1876,0,0,0,1851,0,0,25,1,28.7439,28.7439,5.88208,5.88208,2011,29,2040,2011,2040,0,0,0,2011,0,0,29,1,34.9423,34.9423,5.89169,5.89169,2118,30,2148,2118,2148,0,0,0,2118,0,0,30,1,42.586,42.586,5.90333,5.90333,2295,37,2332,2295,2332,0,0,0,2295,0,0,37,1,51.8947,51.8947,5.91444,5.91444,2335,41,2376,2335,2376,0,0,0,2335,0,0,41,1,62.9004,62.9004,5.92671,5.92671,2566,48,2614,2566,2614,0,0,0,2566,0,0,48,1,77.4635,77.4635,5.93863,5.93863,2638,33,2671,2638,2671,0,0,0,2638,0,0,33,1,94.2219,94.2219,5.95349,5.95349
2.04167,49,2940,63,2,65,63,65,0,0,0,63,0,0,2,1,5.33289,5.33289,5.64712,5.64712,203,5,208,203,208,0,0,0,203,0,0,5,1,5.46013,5.46013,5.64703,5.64703,331,4,335,331,335,0,0,0,331,0,0,4,1,5.7392,5.7392,5.64832,5.64832,496,5,501,496,501,0,0,0,496,0,0,5,1,6.19373,6.19373,5.65024,5.65024,595,7,602,595,602,0,0,0,595,0,0,7,1,6.81529,6.81529,5.65253,5.65253,775,10,785,775,785,0,0,0,775,0,0,10,1,7.64912,7.64912,5.65618,5.65618,864,15,879,864,879,0,0,0,864,0,0,15,1,8.66904,8.66904,5.65956,5.65956,1114,14,1128,1114,1128,0,0,0,1114,0,0,14,1,10.0573,10.0573,5.66435,5.66435,1212,21,1233,1212,1233,0,0,0,1212,0,0,21,1,11.7654,11.7654,5.6702,5.6702,1322,12,1334,1322,1334,0,0,0,1322,0,0,12,1,13.9494,13.9494,5.67678,5.67678,1528,16,1544,1528,1544,0,0,0,1528,0,0,16,1,16.6158,16.6158,5.68351,5.68351,1616,23,1639,1616,1639,0,0,0,1616,0,0,23,1,19.8188,19.8188,5.69122,5.69122,1661,29,1690,1661,1690,0,0,0,1661,0,0,29,1,23.8677,23.8677,5.69969,5.69969,1850,26,1876,1850,1876,0,0,0,1850,0,0,26,1,28.7518,28.7518,5.70889,5.70889,2011,29,2040,2011,2040,0,0,0,2011,0,0,29,1,34.9498,34.9498,5.71821,5.71821,2116,32,2148,2116,2148,0,0,0,2116,0,0,32,1,42.5933,42.5933,5.72951,5.72951,2295,37,2332,2295,2332,0,0,0,2295,0,0,37,1,51.9,51.9,5.74029,5.74029,2335,41,2376,2335,2376,0,0,0,2335,0,0,41,1,62.9047,62.9047,5.7522,5.7522,2566,48,2614,2566,2614,0,0,0,2566,0,0,48,1,77.4668,77.4668,5.76375,5.76375,2638,33,2671,2638,2671,0,0,0,2638,0,0,33,1,94.224,94.224,5.77818,5.77818
2.08333,50,3000,63,2,65,63,65,0,0,0,63,0,0,2,1,5.33704,5.33704,5.48092,5.48092,203,5,208,203,208,0,0,0,203,0,0,5,1,5.46404,5.46404,5.48082,5.48082,330,5,335,330,335,0,0,0,330,0,0,5,1,5.74304,5.74304,5.48207,5.48207,496,5,501,496,501,0,0,0,496,0,0,5,1,6.19712,6.19712,5.48392,5.48392,595,7,602,595,602,0,0,0,595,0,0,7,1,6.81837,6.81837,5.48614,5.48614,775,10,785,775,785,0,0,0,775,0,0,10,1,7.65244,7.65244,5.48968,5.48968,864,15,879,864,879,0,0,0,864,0,0,15,1,8.67247,8.67247,5.49295,5.49295,1114,14,1128,1114,1128,0,0,0,1114,0,0,14,1,10.0612,10.0612,5.4976,5.4976,1212,21,1233,1212,1233,0,0,0,1212,0,0,21,1,11.7698,11.7698,5.50328,5.50328,1321,13,1334,1321,1334,0,0,0,1321,0,0,13,1,13.9546,13.9546,5.50967,5.50967,1528,16,1544,1528,1544,0,0,0,1528,0,0,16,1,16.6211,16.6211,5.51619,5.51619,1616,23,1639,1616,1639,0,0,0,1616,0,0,23,1,19.8246,19.8246,5.52367,5.52367,1661,29,1690,1661,1690,0,0,0,1661,0,0,29,1,23.8742,23.8742,5.53189,5.53189,1849,27,1876,1849,1876,0,0,0,1849,0,0,27,1,28.76,28.76,5.54082,5.54082,2011,29,2040,2011,2040,0,0,0,2011,0,0,29,1,34.9581,34.9581,5.54985,5.54985,2116,32,2148,2116,2148,0,0,0,2116,0,0,32,1,42.6029,42.6029,5.56082,5.56082,2295,37,2332,2295,2332,0,0,0,2295,0,0,37,1,51.9116,51.9116,5.57128,5.57128,2333,43,2376,2333,2376,0,0,0,2333,0,0,43,1,62.9174,62.9174,5.58283,5.58283,2565,49,2614,2565,2614,0,0,0,2565,0,0,49,1,77.4818,77.4818,5.59405,5.59405,2635,36,2671,2635,2671,0,0,0,2635,0,0,36,1,94.2386,94.2386,5.60806,5.60806
2.125,51,3060,63,2,65,63,65,0,0,0,63,0,0,2,1,5.33931,5.33931,5.31962,5.31962,203,5,208,203,208,0,0,0,203,0,0,5,1,5.46641,5.46641,5.3195,5.3195,330,5,335,330,335,0,0,0,330,0,0,5,1,5.74557,5.74557,5.32072,5.32072,496,5,501,496,501,0,0,0,496,0,0,5,1,6.19995,6.19995,5.32251,5.32251,594,8,602,594,602,0,0,0,594,0,0,8,1,6.82172,6.82172,5.32466,5.32466,775,10,785,775,785,0,0,0,775,0,0,10,1,7.6557,7.6557,5.3281,5.3281,864,15,879,864,879,0,0,0,864,0,0,15,1,8.6758,8.6758,5.33126,5.33126,1114,14,1128,1114,1128,0,0,0,1114,0,0,14,1,10.0646,10.0646,5.33578,5.33578,1211,22,1233,1211,1233,0,0,0,1211,0,0,22,1,11.7734,11.7734,5.34128,5.34128,1321,13,1334,1321,1334,0,0,0,1321,0,0,13,1,13.959,13.959,5.34749,5.34749,1528,16,1544,1528,1544,0,0,0,1528,0,0,16,1,16.6257,16.6257,5.35381,5.35381,1616,23,1639,1616,1639,0,0,0,1616,0,0,23,1,19.8302,19.8302,5.36106,5.36106,1661,29,1690,1661,1690,0,0,0,1661,0,0,29,1,23.8808,23.8808,5.36904,5.36904,1848,28,1876,1848,1876,0,0,0,1848,0,0,28,1,28.7679,28.7679,5.37771,5.37771,2009,31,2040,2009,2040,0,0,0,2009,0,0,31,1,34.967,34.967,5.38647,5.38647,2116,32,2148,2116,2148,0,0,0,2116,0,0,32,1,42.611,42.611,5.39712,5.39712,2295,37,2332,2295,2332,0,0,0,2295,0,0,37,1,51.9198,51.9198,5.40727,5.40727,2333,43,2376,2333,2376,0,0,0,2333,0,0,43,1,62.9249,62.9249,5.41848,5.41848,2564,50,2614,2564,2614,0,0,0,2564,0,0,50,1,77.4885,77.4885,5.42936,5.42936,2635,36,2671,2635,2671,0,0,0,2635,0,0,36,1,94.243,94.243,5.44296,5.44296
2.16667,52,3120,63,2,65,63,65,0,0,0,63,0,0,2,1,5.34347,5.34347,5.16306,5.16306,203,5,208,203,208,0,0,0,203,0,0,5,1,5.47057,5.47057,5.16293,5.16293,330,5,335,330,335,0,0,0,330,0,0,5,1,5.75001,5.75001,5.16411,5.16411,496,5,501,496,501,0,0,0,496,0,0,5,1,6.20488,6.20488,5.16586,5.16586,594,8,602,594,602,0,0,0,594,0,0,8,1,6.82711,6.82711,5.16793,5.16793,775,10,785,775,785,0,0,0,775,0,0,10,1,7.66173,7.66173,5.17128,5.17128,864,15,879,864,879,0,0,0,864,0,0,15,1,8.68248,8.68248,5.17434,5.17434,1113,15,1128,1113,1128,0,0,0,1113,0,0,15,1,10.0725,10.0725,5.17874,5.17874,1210,23,1233,1210,1233,0,0,0,1210,0,0,23,1,11.7822,11.7822,5.18409,5.18409,1321,13,1334,1321,1334,0,0,0,1321,0,0,13,1,13.9685,13.9685,5.19011,5.19011,1527,17,1544,1527,1544,0,0,0,1527,0,0,17,1,16.6359,16.6359,5.19624,5.19624,1615,24,1639,1615,1639,0,0,0,1615,0,0,24,1,19.8409,19.8409,5.20327,5.20327,1659,31,1690,1659,1690,0,0,0,1659,0,0,31,1,23.8922,23.8922,5.21101,5.21101,1847,29,1876,1847,1876,0,0,0,1847,0,0,29,1,28.7786,28.7786,5.21943,5.21943,2009,31,2040,2009,2040,0,0,0,2009,0,0,31,1,34.9772,34.9772,5.22792,5.22792,2116,32,2148,2116,2148,0,0,0,2116,0,0,32,1,42.6215,42.6215,5.23826,5.23826,2293,39,2332,2293,2332,0,0,0,2293,0,0,39,1,51.9314,51.9314,5.2481,5.2481,2333,43,2376,2333,2376,0,0,0,2333,0,0,43,1,62.9362,62.9362,5.25898,5.25898,2563,51,2614,2563,2614,0,0,0,2563,0,0,51,1,77.4989,77.4989,5.26953,5.26953,2634,37,2671,2634,2671,0,0,0,2634,0,0,37,1,94.2522,94.2522,5.28273,5.28273
2.20833,53,3180,63,2,65,63,65,0,0,0,63,0,0,2,1,5.34496,5.34496,5.01112,5.01112,203,5,208,203,208,0,0,0,203,0,0,5,1,5.47214,5.47214,5.01098,5.01098,330,5,335,330,335,0,0,0,330,0,0,5,1,5.75168,5.75168,5.01213,5.01213,496,5,501,496,501,0,0,0,496,0,0,5,1,6.20664,6.20664,5.01383,5.01383,594,8,602,594,602,0,0,0,594,0,0,8,1,6.82909,6.82909,5.01584,5.01584,775,10,785,775,785,0,0,0,775,0,0,10,1,7.66393,7.66393,5.01909,5.01909,864,15,879,864,879,0,0,0,864,0,0,15,1,8.68506,8.68506,5.02206,5.02206,1113,15,1128,1113,1128,0,0,0,1113,0,0,15,1,10.0756,10.0756,5.02634,5.02634,1210,23,1233,1210,1233,0,0,0,1210,0,0,23,1,11.7858,11.7858,5.03152,5.03152,1321,13,1334,1321,1334,0,0,0,1321,0,0,13,1,13.9727,13.9727,5.03738,5.03738,1527,17,1544,1527,1544,0,0,0,1527,0,0,17,1,16.6409,16.6409,5.04331,5.04331,1613,26,1639,1613,1639,0,0,0,1613,0,0,26,1,19.8466,19.8466,5.05014,5.05014,1659,31,1690,1659,1690,0,0,0,1659,0,0,31,1,23.8979,23.8979,5.05765,5.05765,1847,29,1876,1847,1876,0,0,0,1847,0,0,29,1,28.7847,28.7847,5.06582,5.06582,2009,31,2040,2009,2040,0,0,0,2009,0,0,31,1,34.9847,34.9847,5.07405,5.07405,2114,34,2148,2114,2148,0,0,0,2114,0,0,34,1,42.6297,42.6297,5.08408,5.08408,2292,40,2332,2292,2332,0,0,0,2292,0,0,40,1,51.94,51.94,5.09363,5.09363,2333,43,2376,2333,2376,0,0,0,2333,0,0,43,1,62.9441,62.9441,5.10418,5.10418,2563,51,2614,2563,2614,0,0,0,2563,0,0,51,1,77.5056,77.5056,5.11442,5.11442,2633,38,2671,2633,2671,0,0,0,2633,0,0,38,1,94.2584,94.2584,5.12724,5.12724
2.25,54,3240,63,2,65,63,65,0,0,0,63,0,0,2,1,5.34897,5.34897,4.86367,4.86367,203,5,208,203,208,0,0,0,203,0,0,5,1,5.4762,5.4762,4.86351,4.86351,330,5,335,330,335,0,0,0,330,0,0,5,1,5.75606,5.75606,4.86464,4.86464,496,5,501,496,501,0,0,0,496,0,0,5,1,6.21158,6.21158,4.86629,4.86629,594,8,602,594,602,0,0,0,594,0,0,8,1,6.83469,6.83469,4.86823,4.86823,774,11,785,774,785,0,0,0,774,0,0,11,1,7.66939,7.66939,4.8714,4.8714,864,15,879,864,879,0,0,0,864,0,0,15,1,8.69079,8.69079,4.87427,4.87427,1112,16,1128,1112,1128,0,0,0,1112,0,0,16,1,10.082,10.082,4.87843,4.87843,1209,24,1233,1209,1233,0,0,0,1209,0,0,24,1,11.7925,11.7925,4.88346,4.88346,1320,14,1334,1320,1334,0,0,0,1320,0,0,14,1,13.9798,13.9798,4.88915,4.88915,1526,18,1544,1526,1544,0,0,0,1526,0,0,18,1,16.6486,16.6486,4.8949,4.8949,1613,26,1639,1613,1639,0,0,0,1613,0,0,26,1,19.8548,19.8548,4.90152,4.90152,1658,32,1690,1658,1690,0,0,0,1658,0,0,32,1,23.9068,23.9068,4.90881,4.90881,1846,30,1876,1846,1876,0,0,0,1846,0,0,30,1,28.7944,28.7944,4.91674,4.91674,2009,31,2040,2009,2040,0,0,0,2009,0,0,31,1,34.9948,34.9948,4.92472,4.92472,2113,35,2148,2113,2148,0,0,0,2113,0,0,35,1,42.6413,42.6413,4.93446,4.93446,2291,41,2332,2291,2332,0,0,0,2291,0,0,41,1,51.9515,51.9515,4.94373,4.94373,2333,43,2376,2333,2376,0,0,0,2333,0,0,43,1,62.956,62.956,4.95396,4.95396,2563,51,2614,2563,2614,0,0,0,2563,0,0,51,1,77.5173,77.5173,4.96389,4.96389,2630,41,2671,2630,2671,0,0,0,2630,0,0,41,1,94.2706,94.2706,4.97634,4.97634
2.29167,55,3300,63,2,65,63,65,0,0,0,63,0,0,2,1,5.35457,5.35457,4.72058,4.72058,203,5,208,203,208,0,0,0,203,0,0,5,1,5.48166,5.48166,4.72042,4.72042,330,5,335,330,335,0,0,0,330,0,0,5,1,5.76181,5.76181,4.72152,4.72152,496,5,501,496,501,0,0,0,496,0,0,5,1,6.2178,6.2178,4.72312,4.72312,593,9,602,593,602,0,0,0,593,0,0,9,1,6.84117,6.84117,4.725,4.725,774,11,785,774,785,0,0,0,774,0,0,11,1,7.67627,7.67627,4.72808,4.72808,864,15,879,864,879,0,0,0,864,0,0,15,1,8.69843,8.69843,4.73086,4.73086,1112,16,1128,1112,1128,0,0,0,1112,0,0,16,1,10.0905,10.0905,4.7349,4.7349,1209,24,1233,1209,1233,0,0,0,1209,0,0,24,1,11.802,11.802,4.73978,4.73978,1319,15,1334,1319,1334,0,0,0,1319,0,0,15,1,13.9904,13.9904,4.74531,4.74531,1526,18,1544,1526,1544,0,0,0,1526,0,0,18,1,16.66,16.66,4.75088,4.75088,1611,28,1639,1611,1639,0,0,0,1611,0,0,28,1,19.8671,19.8671,4.7573,4.7573,1658,32,1690,1658,1690,0,0,0,1658,0,0,32,1,23.9199,23.9199,4.76438,4.76438,1845,31,1876,1845,1876,0,0,0,1845,0,0,31,1,28.8084,28.8084,4.77207,4.77207,2008,32,2040,2008,2040,0,0,0,2008,0,0,32,1,35.0102,35.0102,4.77981,4.77981,2112,36,2148,2112,2148,0,0,0,2112,0,0,36,1,42.6578,42.6578,4.78927,4.78927,2290,42,2332,2290,2332,0,0,0,2290,0,0,42,1,51.9685,51.9685,4.79825,4.79825,2332,44,2376,2332,2376,0,0,0,2332,0,0,44,1,62.9744,62.9744,4.80819,4.80819,2559,55,2614,2559,2614,0,0,0,2559,0,0,55,1,77.5335,77.5335,4.81782,4.81782,2630,41,2671,2630,2671,0,0,0,2630,0,0,41,1,94.2821,94.2821,4.8299,4.8299
2.33333,56,3360,63,2,65,63,65,0,0,0,63,0,0,2,1,5.36326,5.36326,4.58174,4.58174,203,5,208,203,208,0,0,0,203,0,0,5,1,5.49064,5.49064,4.58157,4.58157,330,5,335,330,335,0,0,0,330,0,0,5,1,5.77114,5.77114,4.58264,4.58264,496,5,501,496,501,0,0,0,496,0,0,5,1,6.22767,6.22767,4.5842,4.5842,592,10,602,592,602,0,0,0,592,0,0,10,1,6.85216,6.85216,4.58603,4.58603,772,13,785,772,785,0,0,0,772,0,0,13,1,7.68789,7.68789,4.58902,4.58902,863,16,879,863,879,0,0,0,863,0,0,16,1,8.71051,8.71051,4.59171,4.59171,1110,18,1128,1110,1128,0,0,0,1110,0,0,18,1,10.103,10.103,4.59564,4.59564,1207,26,1233,1207,1233,0,0,0,1207,0,0,26,1,11.8141,11.8141,4.60037,4.60037,1319,15,1334,1319,1334,0,0,0,1319,0,0,15,1,14.0021,14.0021,4.60573,4.60573,1526,18,1544,1526,1544,0,0,0,1526,0,0,18,1,16.6721,16.6721,4.61113,4.61113,1611,28,1639,1611,1639,0,0,0,1611,0,0,28,1,19.8802,19.8802,4.61736,4.61736,1656,34,1690,1656,1690,0,0,0,1656,0,0,34,1,23.9339,23.9339,4.62422,4.62422,1843,33,1876,1843,1876,0,0,0,1843,0,0,33,1,28.825,28.825,4.63169,4.63169,2007,33,2040,2007,2040,0,0,0,2007,0,0,33,1,35.0276,35.0276,4.63919,4.63919,2111,37,2148,2111,2148,0,0,0,2111,0,0,37,1,42.6746,42.6746,4.64837,4.64837,2288,44,2332,2288,2332,0,0,0,2288,0,0,44,1,51.9835,51.9835,4.65709,4.65709,2331,45,2376,2331,2376,0,0,0,2331,0,0,45,1,62.9884,62.9884,4.66672,4.66672,2557,57,2614,2557,2614,0,0,0,2557,0,0,57,1,77.5454,77.5454,4.67606,4.67606,2630,41,2671,2630,2671,0,0,0,2630,0,0,41,1,94.2926,94.2926,4.68779,4.68779
2.375,57,3420,63,2,65,63,65,0,0,0,63,0,0,2,1,5.37113,5.37113,4.44703,4.44703,203,5,208,203,208,0,0,0,203,0,0,5,1,5.49815,5.49815,4.44685,4.44685,330,5,335,330,335,0,0,0,330,0,0,5,1,5.77926,5.77926,4.44789,4.44789,496,5,501,496,501,0,0,0,496,0,0,5,1,6.2366,6.2366,4.44941,4.44941,591,11,602,591,602,0,0,0,591,0,0,11,1,6.86151,6.86151,4.45117,4.45117,772,13,785,772,785,0,0,0,772,0,0,13,1,7.69808,7.69808,4.45408,4.45408,862,17,879,862,879,0,0,0,862,0,0,17,1,8.72135,8.72135,4.45669,4.45669,1109,19,1128,1109,1128,0,0,0,1109,0,0,19,1,10.1151,10.1151,4.46051,4.46051,1204,29,1233,1204,1233,0,0,0,1204,0,0,29,1,11.8278,11.8278,4.46509,4.46509,1319,15,1334,1319,1334,0,0,0,1319,0,0,15,1,14.017,14.017,4.47029,4.47029,1526,18,1544,1526,1544,0,0,0,1526,0,0,18,1,16.6887,16.6887,4.47552,4.47552,1610,29,1639,1610,1639,0,0,0,1610,0,0,29,1,19.8989,19.8989,4.48156,4.48156,1655,35,1690,1655,1690,0,0,0,1655,0,0,35,1,23.9553,23.9553,4.48822,4.48822,1843,33,1876,1843,1876,0,0,0,1843,0,0,33,1,28.8487,28.8487,4.49547,4.49547,2006,34,2040,2006,2040,0,0,0,2006,0,0,34,1,35.0541,35.0541,4.50274,4.50274,2109,39,2148,2109,2148,0,0,0,2109,0,0,39,1,42.7049,42.7049,4.51166,4.51166,2284,48,2332,2284,2332,0,0,0,2284,0,0,48,1,52.015,52.015,4.52011,4.52011,2329,47,2376,2329,2376,0,0,0,2329,0,0,47,1,63.0187,63.0187,4.52946,4.52946,2554,60,2614,2554,2614,0,0,0,2554,0,0,60,1,77.5727,77.5727,4.53851,4.53851,2628,43,2671,2628,2671,0,0,0,2628,0,0,43,1,94.3137,94.3137,4.5499,4.5499
2.41667,58,3480,63,2,65,63,65,0,0,0,63,0,0,2,1,5.38819,5.38819,4.31638,4.31638,202,6,208,202,208,0,0,0,202,0,0,6,1,5.51486,5.51486,4.31618,4.31618,329,6,335,329,335,0,0,0,329,0,0,6,1,5.79583,5.79583,4.31718,4.31718,495,6,501,495,501,0,0,0,495,0,0,6,1,6.25292,6.25292,4.31865,4.31865,590,12,602,590,602,0,0,0,590,0,0,12,1,6.87792,6.87792,4.32035,4.32035,771,14,785,771,785,0,0,0,771,0,0,14,1,7.71441,7.71441,4.32317,4.32317,862,17,879,862,879,0,0,0,862,0,0,17,1,8.73802,8.73802,4.32568,4.32568,1107,21,1128,1107,1128,0,0,0,1107,0,0,21,1,10.1335,10.1335,4.3294,4.3294,1203,30,1233,1203,1233,0,0,0,1203,0,0,30,1,11.8468,11.8468,4.33384,4.33384,1318,16,1334,1318,1334,0,0,0,1318,0,0,16,1,14.0372,14.0372,4.33889,4.33889,1526,18,1544,1526,1544,0,0,0,1526,0,0,18,1,16.7094,16.7094,4.34396,4.34396,1609,30,1639,1609,1639,0,0,0,1609,0,0,30,1,19.9217,19.9217,4.34981,4.34981,1652,38,1690,1652,1690,0,0,0,1652,0,0,38,1,23.9811,23.9811,4.35628,4.35628,1838,38,1876,1838,1876,0,0,0,1838,0,0,38,1,28.8772,28.8772,4.36331,4.36331,2004,36,2040,2004,2040,0,0,0,2004,0,0,36,1,35.08,35.08,4.37035,4.37035,2106,42,2148,2106,2148,0,0,0,2106,0,0,42,1,42.7299,42.7299,4.37901,4.37901,2282,50,2332,2282,2332,0,0,0,2282,0,0,50,1,52.0373,52.0373,4.3872,4.3872,2327,49,2376,2327,2376,0,0,0,2327,0,0,49,1,63.0407,63.0407,4.39626,4.39626,2554,60,2614,2554,2614,0,0,0,2554,0,0,60,1,77.5903,77.5903,4.40504,4.40504,2627,44,2671,2627,2671,0,0,0,2627,0,0,44,1,94.3274,94.3274,4.41609,4.41609
2.45833,59,3540,63,2,65,63,65,0,0,0,63,0,0,2,1,5.40149,5.40149,4.18961,4.18961,201,7,208,201,208,0,0,0,201,0,0,7,1,5.52855,5.52855,4.1894,4.1894,329,6,335,329,335,0,0,0,329,0,0,6,1,5.81006,5.81006,4.19038,4.19038,494,7,501,494,501,0,0,0,494,0,0,7,1,6.26758,6.26758,4.19179,4.19179,589,13,602,589,602,0,0,0,589,0,0,13,1,6.89281,6.89281,4.19343,4.19343,771,14,785,771,785,0,0,0,771,0,0,14,1,7.73026,7.73026,4.19617,4.19617,862,17,879,862,879,0,0,0,862,0,0,17,1,8.75574,8.75574,4.1986,4.1986,1105,23,1128,1105,1128,0,0,0,1105,0,0,23,1,10.1536,10.1536,4.20222,4.20222,1202,31,1233,1202,1233,0,0,0,1202,0,0,31,1,11.8687,11.8687,4.20652,4.20652,1313,21,1334,1313,1334,0,0,0,1313,0,0,21,1,14.061,14.061,4.21141,4.21141,1523,21,1544,1523,1544,0,0,0,1523,0,0,21,1,16.7352,16.7352,4.21632,4.21632,1608,31,1639,1608,1639,0,0,0,1608,0,0,31,1,19.9466,19.9466,4.22199,4.22199,1652,38,1690,1652,1690,0,0,0,1652,0,0,38,1,24.0075,24.0075,4.22826,4.22826,1835,41,1876,1835,1876,0,0,0,1835,0,0,41,1,28.9041,28.9041,4.23509,4.23509,2003,37,2040,2003,2040,0,0,0,2003,0,0,37,1,35.1067,35.1067,4.2419,4.2419,2104,44,2148,2104,2148,0,0,0,2104,0,0,44,1,42.7578,42.7578,4.2503,4.2503,2278,54,2332,2278,2332,0,0,0,2278,0,0,54,1,52.0654,52.0654,4.25824,4.25824,2326,50,2376,2326,2376,0,0,0,2326,0,0,50,1,63.0646,63.0646,4.26702,4.26702,2554,60,2614,2554,2614,0,0,0,2554,0,0,60,1,77.61,77.61,4.27553,4.27553,2625,46,2671,2625,2671,0,0,0,2625,0,0,46,1,94.3446,94.3446,4.28625,4.28625
2.5,60,3600,62,3,65,62,65,0,0,0,62,0,0,3,1,5.42119,5.42119,4.06662,4.06662,201,7,208,201,208,0,0,0,201,0,0,7,1,5.5461,5.5461,4.06639,4.06639,329,6,335,329,335,0,0,0,329,0,0,6,1,5.82766,5.82766,4.06733,4.06733,494,7,501,494,501,0,0,0,494,0,0,7,1,6.28552,6.28552,4.0687,4.0687,589,13,602,589,602,0,0,0,589,0,0,13,1,6.91163,6.91163,4.07028,4.07028,770,15,785,770,785,0,0,0,770,0,0,15,1,7.75074,7.75074,4.07294,4.07294,862,17,879,862,879,0,0,0,862,0,0,17,1,8.77811,8.77811,4.0753,4.0753,1103,25,1128,1103,1128,0,0,0,1103,0,0,25,1,10.1792,10.1792,4.07882,4.07882,1202,31,1233,1202,1233,0,0,0,1202,0,0,31,1,11.8969,11.8969,4.08299,4.08299,1311,23,1334,1311,1334,0,0,0,1311,0,0,23,1,14.0925,14.0925,4.08775,4.08775,1521,23,1544,1521,1544,0,0,0,1521,0,0,23,1,16.7705,16.7705,4.09251,4.09251,1602,37,1639,1602,1639,0,0,0,1602,0,0,37,1,19.9861,19.9861,4.098,4.098,1649,41,1690,1649,1690,0,0,0,1649,0,0,41,1,24.05,24.05,4.10408,4.10408,1834,42,1876,1834,1876,0,0,0,1834,0,0,42,1,28.9494,28.9494,4.11069,4.11069,1999,41,2040,1999,2040,0,0,0,1999,0,0,41,1,35.1566,35.1566,4.11729,4.11729,2098,50,2148,2098,2148,0,0,0,2098,0,0,50,1,42.8093,42.8093,4.12544,4.12544,2271,61,2332,2271,2332,0,0,0,2271,0,0,61,1,52.1156,52.1156,4.13313,4.13313,2323,53,2376,2323,2376,0,0,0,2323,0,0,53,1,63.1113,63.1113,4.14164,4.14164,2553,61,2614,2553,2614,0,0,0,2553,0,0,61,1,77.6498,77.6498,4.14988,4.14988,2620,51,2671,2620,2671,0,0,0,2620,0,0,51,1,94.3801,94.3801,4.16028,4.16028
2.54167,61,3660,62,3,65,62,65,0,0,0,62,0,0,3,1,5.43821,5.43821,3.94729,3.94729,201,7,208,201,208,0,0,0,201,0,0,7,1,5.56339,5.56339,3.94704,3.94704,328,7,335,328,335,0,0,0,328,0,0,7,1,5.84523,5.84523,3.94796,3.94796,494,7,501,494,501,0,0,0,494,0,0,7,1,6.30351,6.30351,3.94928,3.94928,589,13,602,589,602,0,0,0,589,0,0,13,1,6.93088,6.93088,3.9508,3.9508,770,15,785,770,785,0,0,0,770,0,0,15,1,7.772,7.772,3.95339,3.95339,860,19,879,860,879,0,0,0,860,0,0,19,1,8.80173,8.80173,3.95568,3.95568,1103,25,1128,1103,1128,0,0,0,1103,0,0,25,1,10.2062,10.2062,3.95911,3.95911,1196,37,1233,1196,1233,0,0,0,1196,0,0,37,1,11.9267,11.9267,3.96316,3.96316,1308,26,1334,1308,1334,0,0,0,1308,0,0,26,1,14.1244,14.1244,3.96777,3.96777,1517,27,1544,1517,1544,0,0,0,1517,0,0,27,1,16.8044,16.8044,3.97238,3.97238,1600,39,1639,1600,1639,0,0,0,1600,0,0,39,1,20.0214,20.0214,3.97769,3.97769,1648,42,1690,1648,1690,0,0,0,1648,0,0,42,1,24.0871,24.0871,3.98359,3.98359,1832,44,1876,1832,1876,0,0,0,1832,0,0,44,1,28.9903,28.9903,3.99001,3.99001,1997,43,2040,1997,2040,0,0,0,1997,0,0,43,1,35.2009,35.2009,3.99641,3.99641,2092,56,2148,2092,2148,0,0,0,2092,0,0,56,1,42.8575,42.8575,4.00431,4.00431,2269,63,2332,2269,2332,0,0,0,2269,0,0,63,1,52.164,52.164,4.01177,4.01177,2322,54,2376,2322,2376,0,0,0,2322,0,0,54,1,63.1578,63.1578,4.02002,4.02002,2550,64,2614,2550,2614,0,0,0,2550,0,0,64,1,77.6967,77.6967,4.028,4.028,2614,57,2671,2614,2671,0,0,0,2614,0,0,57,1,94.4202,94.4202,4.03809,4.03809
2.58333,62,3720,62,3,65,62,65,0,0,0,62,0,0,3,1,5.44979,5.44979,3.83149,3.83149,201,7,208,201,208,0,0,0,201,0,0,7,1,5.57549,5.57549,3.83123,3.83123,328,7,335,328,335,0,0,0,328,0,0,7,1,5.85786,5.85786,3.83213,3.83213,493,8,501,493,501,0,0,0,493,0,0,8,1,6.31703,6.31703,3.83342,3.83342,588,14,602,588,602,0,0,0,588,0,0,14,1,6.94548,6.94548,3.83489,3.83489,770,15,785,770,785,0,0,0,770,0,0,15,1,7.78726,7.78726,3.83741,3.83741,860,19,879,860,879,0,0,0,860,0,0,19,1,8.81861,8.81861,3.83962,3.83962,1103,25,1128,1103,1128,0,0,0,1103,0,0,25,1,10.2248,10.2248,3.84296,3.84296,1195,38,1233,1195,1233,0,0,0,1195,0,0,38,1,11.9477,11.9477,3.84689,3.84689,1306,28,1334,1306,1334,0,0,0,1306,0,0,28,1,14.1487,14.1487,3.85137,3.85137,1516,28,1544,1516,1544,0,0,0,1516,0,0,28,1,16.8319,16.8319,3.85583,3.85583,1597,42,1639,1597,1639,0,0,0,1597,0,0,42,1,20.0516,20.0516,3.86098,3.86098,1647,43,1690,1647,1690,0,0,0,1647,0,0,43,1,24.1203,24.1203,3.8667,3.8667,1829,47,1876,1829,1876,0,0,0,1829,0,0,47,1,29.0258,29.0258,3.87293,3.87293,1994,46,2040,1994,2040,0,0,0,1994,0,0,46,1,35.2397,35.2397,3.87912,3.87912,2089,59,2148,2089,2148,0,0,0,2089,0,0,59,1,42.8984,42.8984,3.88679,3.88679,2267,65,2332,2267,2332,0,0,0,2267,0,0,65,1,52.2067,52.2067,3.89402,3.89402,2319,57,2376,2319,2376,0,0,0,2319,0,0,57,1,63.202,63.202,3.90201,3.90201,2543,71,2614,2543,2614,0,0,0,2543,0,0,71,1,77.7374,77.7374,3.90975,3.90975,2611,60,2671,2611,2671,0,0,0,2611,0,0,60,1,94.4536,94.4536,3.91954,3.91954
2.625,63,3780,62,3,65,62,65,0,0,0,62,0,0,3,1,5.46681,5.46681,3.71913,3.71913,201,7,208,201,208,0,0,0,201,0,0,7,1,5.59246,5.59246,3.71887,3.71887,328,7,335,328,335,0,0,0,328,0,0,7,1,5.87588,5.87588,3.71974,3.71974,492,9,501,492,501,0,0,0,492,0,0,9,1,6.33624,6.33624,3.72099,3.72099,588,14,602,588,602,0,0,0,588,0,0,14,1,6.96646,6.96646,3.72241,3.72241,766,19,785,766,785,0,0,0,766,0,0,19,1,7.81005,7.81005,3.72486,3.72486,860,19,879,860,879,0,0,0,860,0,0,19,1,8.84287,8.84287,3.727,3.727,1103,25,1128,1103,1128,0,0,0,1103,0,0,25,1,10.2521,10.2521,3.73026,3.73026,1193,40,1233,1193,1233,0,0,0,1193,0,0,40,1,11.9786,11.9786,3.73407,3.73407,1304,30,1334,1304,1334,0,0,0,1304,0,0,30,1,14.1838,14.1838,3.73842,3.73842,1513,31,1544,1513,1544,0,0,0,1513,0,0,31,1,16.8712,16.8712,3.74276,3.74276,1594,45,1639,1594,1639,0,0,0,1594,0,0,45,1,20.0952,20.0952,3.74775,3.74775,1642,48,1690,1642,1690,0,0,0,1642,0,0,48,1,24.1692,24.1692,3.7533,3.7533,1827,49,1876,1827,1876,0,0,0,1827,0,0,49,1,29.0772,29.0772,3.75934,3.75934,1989,51,2040,1989,2040,0,0,0,1989,0,0,51,1,35.2935,35.2935,3.76534,3.76534,2086,62,2148,2086,2148,0,0,0,2086,0,0,62,1,42.9563,42.9563,3.77278,3.77278,2262,70,2332,2262,2332,0,0,0,2262,0,0,70,1,52.2652,52.2652,3.77978,3.77978,2314,62,2376,2314,2376,0,0,0,2314,0,0,62,1,63.2585,63.2585,3.78753,3.78753,2537,77,2614,2537,2614,0,0,0,2537,0,0,77,1,77.79,77.79,3.79503,3.79503,2609,62,2671,2609,2671,0,0,0,2609,0,0,62,1,94.4955,94.4955,3.80452,3.80452
2.66667,64,3840,62,3,65,62,65,0,0,0,62,0,0,3,1,5.49304,5.49304,3.61015,3.61015,201,7,208,201,208,0,0,0,201,0,0,7,1,5.62018,5.62018,3.60989,3.60989,325,10,335,325,335,0,0,0,325,0,0,10,1,5.90456,5.90456,3.61075,3.61075,492,9,501,492,501,0,0,0,492,0,0,9,1,6.36556,6.36556,3.61196,3.61196,586,16,602,586,602,0,0,0,586,0,0,16,1,6.99755,6.99755,3.61334,3.61334,765,20,785,765,785,0,0,0,765,0,0,20,1,7.84082,7.84082,3.61571,3.61571,858,21,879,858,879,0,0,0,858,0,0,21,1,8.8753,8.8753,3.61778,3.61778,1099,29,1128,1099,1128,0,0,0,1099,0,0,29,1,10.2858,10.2858,3.62094,3.62094,1192,41,1233,1192,1233,0,0,0,1192,0,0,41,1,12.0159,12.0159,3.62464,3.62464,1301,33,1334,1301,1334,0,0,0,1301,0,0,33,1,14.2242,14.2242,3.62887,3.62887,1508,36,1544,1508,1544,0,0,0,1508,0,0,36,1,16.9155,16.9155,3.63306,3.63306,1588,51,1639,1588,1639,0,0,0,1588,0,0,51,1,20.1441,20.1441,3.6379,3.6379,1638,52,1690,1638,1690,0,0,0,1638,0,0,52,1,24.22,24.22,3.64329,3.64329,1825,51,1876,1825,1876,0,0,0,1825,0,0,51,1,29.1298,29.1298,3.64914,3.64914,1982,58,2040,1982,2040,0,0,0,1982,0,0,58,1,35.3492,35.3492,3.65495,3.65495,2085,63,2148,2085,2148,0,0,0,2085,0,0,63,1,43.0112,43.0112,3.66217,3.66217,2258,74,2332,2258,2332,0,0,0,2258,0,0,74,1,52.3208,52.3208,3.66895,3.66895,2311,65,2376,2311,2376,0,0,0,2311,0,0,65,1,63.3137,63.3137,3.67646,3.67646,2533,81,2614,2533,2614,0,0,0,2533,0,0,81,1,77.8387,77.8387,3.68372,3.68372,2604,67,2671,2604,2671,0,0,0,2604,0,0,67,1,94.5363,94.5363,3.69293,3.69293
2.70833,65,3900,62,3,65,62,65,0,0,0,62,0,0,3,1,5.51805,5.51805,3.50447,3.50447,201,7,208,201,208,0,0,0,201,0,0,7,1,5.6452,5.6452,3.50421,3.50421,325,10,335,325,335,0,0,0,325,0,0,10,1,5.9312,5.9312,3.50505,3.50505,490,11,501,490,501,0,0,0,490,0,0,11,1,6.39433,6.39433,3.50623,3.50623,585,17,602,585,602,0,0,0,585,0,0,17,1,7.02743,7.02743,3.50756,3.50756,765,20,785,765,785,0,0,0,765,0,0,20,1,7.87276,7.87276,3.50986,3.50986,857,22,879,857,879,0,0,0,857,0,0,22,1,8.91005,8.91005,3.51186,3.51186,1096,32,1128,1096,1128,0,0,0,1096,0,0,32,1,10.3264,10.3264,3.51494,3.51494,1192,41,1233,1192,1233,0,0,0,1192,0,0,41,1,12.06,12.06,3.51852,3.51852,1295,39,1334,1295,1334,0,0,0,1295,0,0,39,1,14.2744,14.2744,3.52263,3.52263,1505,39,1544,1505,1544,0,0,0,1505,0,0,39,1,16.9693,16.9693,3.52669,3.52669,1582,57,1639,1582,1639,0,0,0,1582,0,0,57,1,20.2026,20.2026,3.53139,3.53139,1636,54,1690,1636,1690,0,0,0,1636,0,0,54,1,24.2828,24.2828,3.53661,3.53661,1820,56,1876,1820,1876,0,0,0,1820,0,0,56,1,29.1959,29.1959,3.54227,3.54227,1975,65,2040,1975,2040,0,0,0,1975,0,0,65,1,35.4173,35.4173,3.5479,3.5479,2081,67,2148,2081,2148,0,0,0,2081,0,0,67,1,43.0793,43.0793,3.55489,3.55489,2253,79,2332,2253,2332,0,0,0,2253,0,0,79,1,52.3899,52.3899,3.56146,3.56146,2306,70,2376,2306,2376,0,0,0,2306,0,0,70,1,63.3796,63.3796,3.56873,3.56873,2529,85,2614,2529,2614,0,0,0,2529,0,0,85,1,77.9002,77.9002,3.57576,3.57576,2596,75,2671,2596,2671,0,0,0,2596,0,0,75,1,94.5933,94.5933,3.58468,3.58468
2.75,66,3960,62,3,65,62,65,0,0,0,62,0,0,3,1,5.54773,5.54773,3.40199,3.40199,198,10,208,198,208,0,0,0,198,0,0,10,1,5.67597,5.67597,3.40173,3.40173,325,10,335,325,335,0,0,0,325,0,0,10,1,5.96132,5.96132,3.40254,3.40254,489,12,501,489,501,0,0,0,489,0,0,12,1,6.42353,6.42353,3.40367,3.40367,584,18,602,584,602,0,0,0,584,0,0,18,1,7.05745,7.05745,3.40495,3.40495,765,20,785,765,785,0,0,0,765,0,0,20,1,7.90415,7.90415,3.40718,3.40718,855,24,879,855,879,0,0,0,855,0,0,24,1,8.94456,8.94456,3.40912,3.40912,1094,34,1128,1094,1128,0,0,0,1094,0,0,34,1,10.3643,10.3643,3.41212,3.41212,1190,43,1233,1190,1233,0,0,0,1190,0,0,43,1,12.1012,12.1012,3.4156,3.4156,1290,44,1334,1290,1334,0,0,0,1290,0,0,44,1,14.3188,14.3188,3.41958,3.41958,1500,44,1544,1500,1544,0,0,0,1500,0,0,44,1,17.0183,17.0183,3.42352,3.42352,1577,62,1639,1577,1639,0,0,0,1577,0,0,62,1,20.2544,20.2544,3.42806,3.42806,1631,59,1690,1631,1690,0,0,0,1631,0,0,59,1,24.3358,24.3358,3.43312,3.43312,1818,58,1876,1818,1876,0,0,0,1818,0,0,58,1,29.2491,29.2491,3.4386,3.4386,1973,67,2040,1973,2040,0,0,0,1973,0,0,67,1,35.4742,35.4742,3.44405,3.44405,2078,70,2148,2078,2148,0,0,0,2078,0,0,70,1,43.1389,43.1389,3.45083,3.45083,2249,83,2332,2249,2332,0,0,0,2249,0,0,83,1,52.452,52.452,3.45719,3.45719,2299,77,2376,2299,2376,0,0,0,2299,0,0,77,1,63.4397,63.4397,3.46423,3.46423,2525,89,2614,2525,2614,0,0,0,2525,0,0,89,1,77.9518,77.9518,3.47103,3.47103,2592,79,2671,2592,2671,0,0,0,2592,0,0,79,1,94.636,94.636,3.47969,3.47969
2.79167,67,4020,62,3,65,62,65,0,0,0,62,0,0,3,1,5.57072,5.57072,3.30257,3.30257,198,10,208,198,208,0,0,0,198,0,0,10,1,5.69918,5.69918,3.30231,3.30231,324,11,335,324,335,0,0,0,324,0,0,11,1,5.98556,5.98556,3.30309,3.30309,489,12,501,489,501,0,0,0,489,0,0,12,1,6.44867,6.44867,3.30418,3.30418,584,18,602,584,602,0,0,0,584,0,0,18,1,7.08427,7.08427,3.30542,3.30542,764,21,785,764,785,0,0,0,764,0,0,21,1,7.93439,7.93439,3.30758,3.30758,853,26,879,853,879,0,0,0,853,0,0,26,1,8.97748,8.97748,3.30946,3.30946,1093,35,1128,1093,1128,0,0,0,1093,0,0,35,1,10.4019,10.4019,3.31238,3.31238,1188,45,1233,1188,1233,0,0,0,1188,0,0,45,1,12.1428,12.1428,3.31575,3.31575,1285,49,1334,1285,1334,0,0,0,1285,0,0,49,1,14.366,14.366,3.31962,3.31962,1498,46,1544,1498,1544,0,0,0,1498,0,0,46,1,17.069,17.069,3.32343,3.32343,1574,65,1639,1574,1639,0,0,0,1574,0,0,65,1,20.3096,20.3096,3.32783,3.32783,1630,60,1690,1630,1690,0,0,0,1630,0,0,60,1,24.3961,24.3961,3.33272,3.33272,1813,63,1876,1813,1876,0,0,0,1813,0,0,63,1,29.3163,29.3163,3.33804,3.33804,1966,74,2040,1966,2040,0,0,0,1966,0,0,74,1,35.5462,35.5462,3.34331,3.34331,2075,73,2148,2075,2148,0,0,0,2075,0,0,73,1,43.213,43.213,3.34988,3.34988,2243,89,2332,2243,2332,0,0,0,2243,0,0,89,1,52.5277,52.5277,3.35604,3.35604,2297,79,2376,2297,2376,0,0,0,2297,0,0,79,1,63.5127,63.5127,3.36286,3.36286,2520,94,2614,2520,2614,0,0,0,2520,0,0,94,1,78.0262,78.0262,3.36945,3.36945,2582,89,2671,2582,2671,0,0,0,2582,0,0,89,1,94.7035,94.7035,3.37784,3.37784
2.83333,68,4080,62,3,65,62,65,0,0,0,62,0,0,3,1,5.60159,5.60159,3.20612,3.20612,197,11,208,197,208,0,0,0,197,0,0,11,1,5.73019,5.73019,3.20586,3.20586,323,12,335,323,335,0,0,0,323,0,0,12,1,6.01749,6.01749,3.20662,3.20662,488,13,501,488,501,0,0,0,488,0,0,13,1,6.48134,6.48134,3.20767,3.20767,583,19,602,583,602,0,0,0,583,0,0,19,1,7.11822,7.11822,3.20887,3.20887,763,22,785,763,785,0,0,0,763,0,0,22,1,7.97079,7.97079,3.21097,3.21097,851,28,879,851,879,0,0,0,851,0,0,28,1,9.01707,9.01707,3.21279,3.21279,1087,41,1128,1087,1128,0,0,0,1087,0,0,41,1,10.4456,10.4456,3.21563,3.21563,1185,48,1233,1185,1233,0,0,0,1185,0,0,48,1,12.1887,12.1887,3.2189,3.2189,1283,51,1334,1283,1334,0,0,0,1283,0,0,51,1,14.4163,14.4163,3.22265,3.22265,1494,50,1544,1494,1544,0,0,0,1494,0,0,50,1,17.1212,17.1212,3.22633,3.22633,1569,70,1639,1569,1639,0,0,0,1569,0,0,70,1,20.3639,20.3639,3.23059,3.23059,1626,64,1690,1626,1690,0,0,0,1626,0,0,64,1,24.4553,24.4553,3.23534,3.23534,1807,69,1876,1807,1876,0,0,0,1807,0,0,69,1,29.3794,29.3794,3.24049,3.24049,1958,82,2040,1958,2040,0,0,0,1958,0,0,82,1,35.6089,35.6089,3.24559,3.24559,2066,82,2148,2066,2148,0,0,0,2066,0,0,82,1,43.2753,43.2753,3.25196,3.25196,2241,91,2332,2241,2332,0,0,0,2241,0,0,91,1,52.5833,52.5833,3.25792,3.25792,2294,82,2376,2294,2376,0,0,0,2294,0,0,82,1,63.5611,63.5611,3.26452,3.26452,2518,96,2614,2518,2614,0,0,0,2518,0,0,96,1,78.0676,78.0676,3.2709,3.2709,2580,91,2671,2580,2671,0,0,0,2580,0,0,91,1,94.7371,94.7371,3.27903,3.27903
2.875,69,4140,62,3,65,62,65,0,0,0,62,0,0,3,1,5.62423,5.62423,3.11257,3.11257,196,12,208,196,208,0,0,0,196,0,0,12,1,5.75243,5.75243,3.11229,3.11229,323,12,335,323,335,0,0,0,323,0,0,12,1,6.03996,6.03996,3.11303,3.11303,488,13,501,488,501,0,0,0,488,0,0,13,1,6.50483,6.50483,3.11405,3.11405,583,19,602,583,602,0,0,0,583,0,0,19,1,7.1431,7.1431,3.1152,3.1152,761,24,785,761,785,0,0,0,761,0,0,24,1,7.99892,7.99892,3.11725,3.11725,849,30,879,849,879,0,0,0,849,0,0,30,1,9.04705,9.04705,3.11901,3.11901,1085,43,1128,1085,1128,0,0,0,1085,0,0,43,1,10.4794,10.4794,3.12177,3.12177,1185,48,1233,1185,1233,0,0,0,1185,0,0,48,1,12.2255,12.2255,3.12493,3.12493,1279,55,1334,1279,1334,0,0,0,1279,0,0,55,1,14.4584,14.4584,3.12857,3.12857,1491,53,1544,1491,1544,0,0,0,1491,0,0,53,1,17.1686,17.1686,3.13214,3.13214,1565,74,1639,1565,1639,0,0,0,1565,0,0,74,1,20.4171,20.4171,3.13626,3.13626,1622,68,1690,1622,1690,0,0,0,1622,0,0,68,1,24.5133,24.5133,3.14087,3.14087,1802,74,1876,1802,1876,0,0,0,1802,0,0,74,1,29.4424,29.4424,3.14586,3.14586,1953,87,2040,1953,2040,0,0,0,1953,0,0,87,1,35.6749,35.6749,3.1508,3.1508,2060,88,2148,2060,2148,0,0,0,2060,0,0,88,1,43.3417,43.3417,3.15696,3.15696,2237,95,2332,2237,2332,0,0,0,2237,0,0,95,1,52.6503,52.6503,3.16273,3.16273,2290,86,2376,2290,2376,0,0,0,2290,0,0,86,1,63.6267,63.6267,3.16912,3.16912,2513,101,2614,2513,2614,0,0,0,2513,0,0,101,1,78.129,78.129,3.17529,3.17529,2573,98,2671,2573,2671,0,0,0,2573,0,0,98,1,94.7931,94.7931,3.18318,3.18318
2.91667,70,4200,62,3,65,62,65,0,0,0,62,0,0,3,1,5.65513,5.65513,3.02179,3.02179,196,12,208,196,208,0,0,0,196,0,0,12,1,5.78461,5.78461,3.02152,3.02152,323,12,335,323,335,0,0,0,323,0,0,12,1,6.07358,6.07358,3.02224,3.02224,488,13,501,488,501,0,0,0,488,0,0,13,1,6.54066,6.54066,3.02323,3.02323,579,23,602,579,602,0,0,0,579,0,0,23,1,7.18301,7.18301,3.02435,3.02435,760,25,785,760,785,0,0,0,760,0,0,25,1,8.04152,8.04152,3.02635,3.02635,847,32,879,847,879,0,0,0,847,0,0,32,1,9.09374,9.09374,3.02805,3.02805,1081,47,1128,1081,1128,0,0,0,1081,0,0,47,1,10.5301,10.5301,3.03074,3.03074,1182,51,1233,1182,1233,0,0,0,1182,0,0,51,1,12.2805,12.2805,3.03381,3.03381,1274,60,1334,1274,1334,0,0,0,1274,0,0,60,1,14.5177,14.5177,3.03734,3.03734,1481,63,1544,1481,1544,0,0,0,1481,0,0,63,1,17.2331,17.2331,3.04079,3.04079,1562,77,1639,1562,1639,0,0,0,1562,0,0,77,1,20.4829,20.4829,3.04477,3.04477,1616,74,1690,1616,1690,0,0,0,1616,0,0,74,1,24.5834,24.5834,3.04923,3.04923,1798,78,1876,1798,1876,0,0,0,1798,0,0,78,1,29.5152,29.5152,3.05407,3.05407,1944,96,2040,1944,2040,0,0,0,1944,0,0,96,1,35.7534,35.7534,3.05885,3.05885,2057,91,2148,2057,2148,0,0,0,2057,0,0,91,1,43.4212,43.4212,3.06482,3.06482,2232,100,2332,2232,2332,0,0,0,2232,0,0,100,1,52.7272,52.7272,3.0704,3.0704,2283,93,2376,2283,2376,0,0,0,2283,0,0,93,1,63.7014,63.7014,3.07659,3.07659,2509,105,2614,2509,2614,0,0,0,2509,0,0,105,1,78.1946,78.1946,3.08256,3.08256,2567,104,2671,2567,2671,0,0,0,2567,0,0,104,1,94.848,94.848,3.09021,3.09021
2.95833,71,4260,62,3,65,62,65,0,0,0,62,0,0,3,1,5.69196,5.69196,2.93377,2.93377,196,12,208,196,208,0,0,0,196,0,0,12,1,5.82246,5.82246,2.9335,2.9335,322,13,335,322,335,0,0,0,322,0,0,13,1,6.11354,6.11354,2.9342,2.9342,487,14,501,487,501,0,0,0,487,0,0,14,1,6.58367,6.58367,2.93517,2.93517,576,26,602,576,602,0,0,0,576,0,0,26,1,7.22932,7.22932,2.93626,2.93626,759,26,785,759,785,0,0,0,759,0,0,26,1,8.09036,8.09036,2.9382,2.9382,846,33,879,846,879,0,0,0,846,0,0,33,1,9.14731,9.14731,2.93986,2.93986,1073,55,1128,1073,1128,0,0,0,1073,0,0,55,1,10.5883,10.5883,2.94248,2.94248,1179,54,1233,1179,1233,0,0,0,1179,0,0,54,1,12.3427,12.3427,2.94544,2.94544,1269,65,1334,1269,1334,0,0,0,1269,0,0,65,1,14.5853,14.5853,2.94887,2.94887,1478,66,1544,1478,1544,0,0,0,1478,0,0,66,1,17.3044,17.3044,2.9522,2.9522,1557,82,1639,1557,1639,0,0,0,1557,0,0,82,1,20.5599,20.5599,2.95605,2.95605,1609,81,1690,1609,1690,0,0,0,1609,0,0,81,1,24.6654,24.6654,2.96037,2.96037,1794,82,1876,1794,1876,0,0,0,1794,0,0,82,1,29.603,29.603,2.96505,2.96505,1937,103,2040,1937,2040,0,0,0,1937,0,0,103,1,35.8438,35.8438,2.96967,2.96967,2052,96,2148,2052,2148,0,0,0,2052,0,0,96,1,43.5145,43.5145,2.97546,2.97546,2216,116,2332,2216,2332,0,0,0,2216,0,0,116,1,52.8233,52.8233,2.98086,2.98086,2275,101,2376,2275,2376,0,0,0,2275,0,0,101,1,63.7883,63.7883,2.98684,2.98684,2508,106,2614,2508,2614,0,0,0,2508,0,0,106,1,78.2643,78.2643,2.99261,2.99261,2564,107,2671,2564,2671,0,0,0,2564,0,0,107,1,94.9036,94.9036,3.00002,3.00002
3,72,4320,62,3,65,62,65,0,0,0,62,0,0,3,1,5.72384,5.72384,2.84841,2.84841,196,12,208,196,208,0,0,0,196,0,0,12,1,5.85484,5.85484,2.84814,2.84814,322,13,335,322,335,0,0,0,322,0,0,13,1,6.14768,6.14768,2.84883,2.84883,484,17,501,484,501,0,0,0,484,0,0,17,1,6.62042,6.62042,2.84978,2.84978,573,29,602,573,602,0,0,0,573,0,0,29,1,7.26841,7.26841,2.85083,2.85083,757,28,785,757,785,0,0,0,757,0,0,28,1,8.13074,8.13074,2.85271,2.85271,842,37,879,842,879,0,0,0,842,0,0,37,1,9.18881,9.18881,2.85431,2.85431,1071,57,1128,1071,1128,0,0,0,1071,0,0,57,1,10.6321,10.6321,2.85684,2.85684,1178,55,1233,1178,1233,0,0,0,1178,0,0,55,1,12.3906,12.3906,2.85971,2.85971,1267,67,1334,1267,1334,0,0,0,1267,0,0,67,1,14.6377,14.6377,2.86304,2.86304,1477,67,1544,1477,1544,0,0,0,1477,0,0,67,1,17.3617,17.3617,2.86626,2.86626,1552,87,1639,1552,1639,0,0,0,1552,0,0,87,1,20.6256,20.6256,2.86999,2.86999,1604,86,1690,1604,1690,0,0,0,1604,0,0,86,1,24.737,24.737,2.87417,2.87417,1791,85,1876,1791,1876,0,0,0,1791,0,0,85,1,29.6808,29.6808,2.87871,2.87871,1927,113,2040,1927,2040,0,0,0,1927,0,0,113,1,35.9276,35.9276,2.88318,2.88318,2047,101,2148,2047,2148,0,0,0,2047,0,0,101,1,43.5972,43.5972,2.88878,2.88878,2211,121,2332,2211,2332,0,0,0,2211,0,0,121,1,52.9098,52.9098,2.89401,2.89401,2268,108,2376,2268,2376,0,0,0,2268,0,0,108,1,63.8719,63.8719,2.8998,2.8998,2500,114,2614,2500,2614,0,0,0,2500,0,0,114,1,78.3428,78.3428,2.90538,2.90538,2558,113,2671,2558,2671,0,0,0,2558,0,0,113,1,94.9715,94.9715,2.91256,2.91256
