total_days,total_hours,total_minutes,num_alive_cells_radius_0_to_150,num_dead_cells_radius_0_to_150,total_num_cells_radius_0_to_150,num_alive_tumor_cells_radius_0_to_150,total_num_tumor_cells_radius_0_to_150,num_alive_cart_cells_radius_0_to_150,num_dead_cart_cells_radius_0_to_150,tumor_cells_type1_radius_0_to_150,tumor_cells_type2_radius_0_to_150,tumor_cells_type3_radius_0_to_150,tumor_cells_type4_radius_0_to_150,tumor_cells_type5_dead_radius_0_to_150,average_oncoprotein_radius_0_to_150,average_oxygen_cancer_cells_radius_0_to_150,average_oxygen_all_cells_radius_0_to_150,average_glucose_cancer_cells_radius_0_to_150,average_glucose_all_cells_radius_0_to_150,num_alive_cells_radius_150_to_300,num_dead_cells_radius_150_to_300,total_num_cells_radius_150_to_300,num_alive_tumor_cells_radius_150_to_300,total_num_tumor_cells_radius_150_to_300,num_alive_cart_cells_radius_150_to_300,num_dead_cart_cells_radius_150_to_300,tumor_cells_type1_radius_150_to_300,tumor_cells_type2_radius_150_to_300,tumor_cells_type3_radius_150_to_300,tumor_cells_type4_radius_150_to_300,tumor_cells_type5_dead_radius_150_to_300,average_oncoprotein_radius_150_to_300,average_oxygen_cancer_cells_radius_150_to_300,average_oxygen_all_cells_radius_150_to_300,average_glucose_cancer_cells_radius_150_to_300,average_glucose_all_cells_radius_150_to_300,num_alive_cells_radius_300_to_450,num_dead_cells_radius_300_to_450,total_num_cells_radius_300_to_450,num_alive_tumor_cells_radius_300_to_450,total_num_tumor_cells_radius_300_to_450,num_alive_cart_cells_radius_300_to_450,num_dead_cart_cells_radius_300_to_450,tumor_cells_type1_radius_300_to_450,tumor_cells_type2_radius_300_to_450,tumor_cells_type3_radius_300_to_450,tumor_cells_type4_radius_300_to_450,tumor_cells_type5_dead_radius_300_to_450,average_oncoprotein_radius_300_to_450,average_oxygen_cancer_cells_radius_300_to_450,average_oxygen_all_cells_radius_300_to_450,average_glucose_cancer_cells_radius_300_to_450,average_glucose_all_cells_radius_300_to_450,num_alive_cells_radius_450_to_600,num_dead_cells_radius_450_to_600,total_num_cells_radius_450_to_600,num_alive_tumor_cells_radius_450_to_600,total_num_tumor_cells_radius_450_to_600,num_alive_cart_cells_radius_450_to_600,num_dead_cart_cells_radius_450_to_600,tumor_cells_type1_radius_450_to_600,tumor_cells_type2_radius_450_to_600,tumor_cells_type3_radius_450_to_600,tumor_cells_type4_radius_450_to_600,tumor_cells_type5_dead_radius_450_to_600,average_oncoprotein_radius_450_to_600,average_oxygen_cancer_cells_radius_450_to_600,average_oxygen_all_cells_radius_450_to_600,average_glucose_cancer_cells_radius_450_to_600,average_glucose_all_cells_radius_450_to_600,num_alive_cells_radius_600_to_750,num_dead_cells_radius_600_to_750,total_num_cells_radius_600_to_750,num_alive_tumor_cells_radius_600_to_750,total_num_tumor_cells_radius_600_to_750,num_alive_cart_cells_radius_600_to_750,num_dead_cart_cells_radius_600_to_750,tumor_cells_type1_radius_600_to_750,tumor_cells_type2_radius_600_to_750,tumor_cells_type3_radius_600_to_750,tumor_cells_type4_radius_600_to_750,tumor_cells_type5_dead_radius_600_to_750,average_oncoprotein_radius_600_to_750,average_oxygen_cancer_cells_radius_600_to_750,average_oxygen_all_cells_radius_600_to_750,average_glucose_cancer_cells_radius_600_to_750,average_glucose_all_cells_radius_600_to_750,num_alive_cells_radius_750_to_900,num_dead_cells_radius_750_to_900,total_num_cells_radius_750_to_900,num_alive_tumor_cells_radius_750_to_900,total_num_tumor_cells_radius_750_to_900,num_alive_cart_cells_radius_750_to_900,num_dead_cart_cells_radius_750_to_900,tumor_cells_type1_radius_750_to_900,tumor_cells_type2_radius_750_to_900,tumor_cells_type3_radius_750_to_900,tumor_cells_type4_radius_750_to_900,tumor_cells_type5_dead_radius_750_to_900,average_oncoprotein_radius_750_to_900,average_oxygen_cancer_cells_radius_750_to_900,average_oxygen_all_cells_radius_750_to_900,average_glucose_cancer_cells_radius_750_to_900,average_glucose_all_cells_radius_750_to_900,num_alive_cells_radius_900_to_1050,num_dead_cells_radius_900_to_1050,total_num_cells_radius_900_to_1050,num_alive_tumor_cells_radius_900_to_1050,total_num_tumor_cells_radius_900_to_1050,num_alive_cart_cells_radius_900_to_1050,num_dead_cart_cells_radius_900_to_1050,tumor_cells_type1_radius_900_to_1050,tumor_cells_type2_radius_900_to_1050,tumor_cells_type3_radius_900_to_1050,tumor_cells_type4_radius_900_to_1050,tumor_cells_type5_dead_radius_900_to_1050,average_oncoprotein_radius_900_to_1050,average_oxygen_cancer_cells_radius_900_to_1050,average_oxygen_all_cells_radius_900_to_1050,average_glucose_cancer_cells_radius_900_to_1050,average_glucose_all_cells_radius_900_to_1050,num_alive_cells_radius_1050_to_1200,num_dead_cells_radius_1050_to_1200,total_num_cells_radius_1050_to_1200,num_alive_tumor_cells_radius_1050_to_1200,total_num_tumor_cells_radius_1050_to_1200,num_alive_cart_cells_radius_1050_to_1200,num_dead_cart_cells_radius_1050_to_1200,tumor_cells_type1_radius_1050_to_1200,tumor_cells_type2_radius_1050_to_1200,tumor_cells_type3_radius_1050_to_1200,tumor_cells_type4_radius_1050_to_1200,tumor_cells_type5_dead_radius_1050_to_1200,average_oncoprotein_radius_1050_to_1200,average_oxygen_cancer_cells_radius_1050_to_1200,average_oxygen_all_cells_radius_1050_to_1200,average_glucose_cancer_cells_radius_1050_to_1200,average_glucose_all_cells_radius_1050_to_1200,num_alive_cells_radius_1200_to_1350,num_dead_cells_radius_1200_to_1350,total_num_cells_radius_1200_to_1350,num_alive_tumor_cells_radius_1200_to_1350,total_num_tumor_cells_radius_1200_to_1350,num_alive_cart_cells_radius_1200_to_1350,num_dead_cart_cells_radius_1200_to_1350,tumor_cells_type1_radius_1200_to_1350,tumor_cells_type2_radius_1200_to_1350,tumor_cells_type3_radius_1200_to_1350,tumor_cells_type4_radius_1200_to_1350,tumor_cells_type5_dead_radius_1200_to_1350,average_oncoprotein_radius_1200_to_1350,average_oxygen_cancer_cells_radius_1200_to_1350,average_oxygen_all_cells_radius_1200_to_1350,average_glucose_cancer_cells_radius_1200_to_1350,average_glucose_all_cells_radius_1200_to_1350,num_alive_cells_radius_1350_to_1500,num_dead_cells_radius_1350_to_1500,total_num_cells_radius_1350_to_1500,num_alive_tumor_cells_radius_1350_to_1500,total_num_tumor_cells_radius_1350_to_1500,num_alive_cart_cells_radius_1350_to_1500,num_dead_cart_cells_radius_1350_to_1500,tumor_cells_type1_radius_1350_to_1500,tumor_cells_type2_radius_1350_to_1500,tumor_cells_type3_radius_1350_to_1500,tumor_cells_type4_radius_1350_to_1500,tumor_cells_type5_dead_radius_1350_to_1500,average_oncoprotein_radius_1350_to_1500,average_oxygen_cancer_cells_radius_1350_to_1500,average_oxygen_all_cells_radius_1350_to_1500,average_glucose_cancer_cells_radius_1350_to_1500,average_glucose_all_cells_radius_1350_to_1500,num_alive_cells_radius_1500_to_1650,num_dead_cells_radius_1500_to_1650,total_num_cells_radius_1500_to_1650,num_alive_tumor_cells_radius_1500_to_1650,total_num_tumor_cells_radius_1500_to_1650,num_alive_cart_cells_radius_1500_to_1650,num_dead_cart_cells_radius_1500_to_1650,tumor_cells_type1_radius_1500_to_1650,tumor_cells_type2_radius_1500_to_1650,tumor_cells_type3_radius_1500_to_1650,tumor_cells_type4_radius_1500_to_1650,tumor_cells_type5_dead_radius_1500_to_1650,average_oncoprotein_radius_1500_to_1650,average_oxygen_cancer_cells_radius_1500_to_1650,average_oxygen_all_cells_radius_1500_to_1650,average_glucose_cancer_cells_radius_1500_to_1650,average_glucose_all_cells_radius_1500_to_1650,num_alive_cells_radius_1650_to_1800,num_dead_cells_radius_1650_to_1800,total_num_cells_radius_1650_to_1800,num_alive_tumor_cells_radius_1650_to_1800,total_num_tumor_cells_radius_1650_to_1800,num_alive_cart_cells_radius_1650_to_1800,num_dead_cart_cells_radius_1650_to_1800,tumor_cells_type1_radius_1650_to_1800,tumor_cells_type2_radius_1650_to_1800,tumor_cells_type3_radius_1650_to_1800,tumor_cells_type4_radius_1650_to_1800,tumor_cells_type5_dead_radius_1650_to_1800,average_oncoprotein_radius_1650_to_1800,average_oxygen_cancer_cells_radius_1650_to_1800,average_oxygen_all_cells_radius_1650_to_1800,average_glucose_cancer_cells_radius_1650_to_1800,average_glucose_all_cells_radius_1650_to_1800,num_alive_cells_radius_1800_to_1950,num_dead_cells_radius_1800_to_1950,total_num_cells_radius_1800_to_1950,num_alive_tumor_cells_radius_1800_to_1950,total_num_tumor_cells_radius_1800_to_1950,num_alive_cart_cells_radius_1800_to_1950,num_dead_cart_cells_radius_1800_to_1950,tumor_cells_type1_radius_1800_to_1950,tumor_cells_type2_radius_1800_to_1950,tumor_cells_type3_radius_1800_to_1950,tumor_cells_type4_radius_1800_to_1950,tumor_cells_type5_dead_radius_1800_to_1950,average_oncoprotein_radius_1800_to_1950,average_oxygen_cancer_cells_radius_1800_to_1950,average_oxygen_all_cells_radius_1800_to_1950,average_glucose_cancer_cells_radius_1800_to_1950,average_glucose_all_cells_radius_1800_to_1950,num_alive_cells_radius_1950_to_2100,num_dead_cells_radius_1950_to_2100,total_num_cells_radius_1950_to_2100,num_alive_tumor_cells_radius_1950_to_2100,total_num_tumor_cells_radius_1950_to_2100,num_alive_cart_cells_radius_1950_to_2100,num_dead_cart_cells_radius_1950_to_2100,tumor_cells_type1_radius_1950_to_2100,tumor_cells_type2_radius_1950_to_2100,tumor_cells_type3_radius_1950_to_2100,tumor_cells_type4_radius_1950_to_2100,tumor_cells_type5_dead_radius_1950_to_2100,average_oncoprotein_radius_1950_to_2100,average_oxygen_cancer_cells_radius_1950_to_2100,average_oxygen_all_cells_radius_1950_to_2100,average_glucose_cancer_cells_radius_1950_to_2100,average_glucose_all_cells_radius_1950_to_2100,num_alive_cells_radius_2100_to_2250,num_dead_cells_radius_2100_to_2250,total_num_cells_radius_2100_to_2250,num_alive_tumor_cells_radius_2100_to_2250,total_num_tumor_cells_radius_2100_to_2250,num_alive_cart_cells_radius_2100_to_2250,num_dead_cart_cells_radius_2100_to_2250,tumor_cells_type1_radius_2100_to_2250,tumor_cells_type2_radius_2100_to_2250,tumor_cells_type3_radius_2100_to_2250,tumor_cells_type4_radius_2100_to_2250,tumor_cells_type5_dead_radius_2100_to_2250,average_oncoprotein_radius_2100_to_2250,average_oxygen_cancer_cells_radius_2100_to_2250,average_oxygen_all_cells_radius_2100_to_2250,average_glucose_cancer_cells_radius_2100_to_2250,average_glucose_all_cells_radius_2100_to_2250,num_alive_cells_radius_2250_to_2400,num_dead_cells_radius_2250_to_2400,total_num_cells_radius_2250_to_2400,num_alive_tumor_cells_radius_2250_to_2400,total_num_tumor_cells_radius_2250_to_2400,num_alive_cart_cells_radius_2250_to_2400,num_dead_cart_cells_radius_2250_to_2400,tumor_cells_type1_radius_2250_to_2400,tumor_cells_type2_radius_2250_to_2400,tumor_cells_type3_radius_2250_to_2400,tumor_cells_type4_radius_2250_to_2400,tumor_cells_type5_dead_radius_2250_to_2400,average_oncoprotein_radius_2250_to_2400,average_oxygen_cancer_cells_radius_2250_to_2400,average_oxygen_all_cells_radius_2250_to_2400,average_glucose_cancer_cells_radius_2250_to_2400,average_glucose_all_cells_radius_2250_to_2400,num_alive_cells_radius_2400_to_2550,num_dead_cells_radius_2400_to_2550,total_num_cells_radius_2400_to_2550,num_alive_tumor_cells_radius_2400_to_2550,total_num_tumor_cells_radius_2400_to_2550,num_alive_cart_cells_radius_2400_to_2550,num_dead_cart_cells_radius_2400_to_2550,tumor_cells_type1_radius_2400_to_2550,tumor_cells_type2_radius_2400_to_2550,tumor_cells_type3_radius_2400_to_2550,tumor_cells_type4_radius_2400_to_2550,tumor_cells_type5_dead_radius_2400_to_2550,average_oncoprotein_radius_2400_to_2550,average_oxygen_cancer_cells_radius_2400_to_2550,average_oxygen_all_cells_radius_2400_to_2550,average_glucose_cancer_cells_radius_2400_to_2550,average_glucose_all_cells_radius_2400_to_2550,num_alive_cells_radius_2550_to_2700,num_dead_cells_radius_2550_to_2700,total_num_cells_radius_2550_to_2700,num_alive_tumor_cells_radius_2550_to_2700,total_num_tumor_cells_radius_2550_to_2700,num_alive_cart_cells_radius_2550_to_2700,num_dead_cart_cells_radius_2550_to_2700,tumor_cells_type1_radius_2550_to_2700,tumor_cells_type2_radius_2550_to_2700,tumor_cells_type3_radius_2550_to_2700,tumor_cells_type4_radius_2550_to_2700,tumor_cells_type5_dead_radius_2550_to_2700,average_oncoprotein_radius_2550_to_2700,average_oxygen_cancer_cells_radius_2550_to_2700,average_oxygen_all_cells_radius_2550_to_2700,average_glucose_cancer_cells_radius_2550_to_2700,average_glucose_all_cells_radius_2550_to_2700,num_alive_cells_radius_2700_to_2850,num_dead_cells_radius_2700_to_2850,total_num_cells_radius_2700_to_2850,num_alive_tumor_cells_radius_2700_to_2850,total_num_tumor_cells_radius_2700_to_2850,num_alive_cart_cells_radius_2700_to_2850,num_dead_cart_cells_radius_2700_to_2850,tumor_cells_type1_radius_2700_to_2850,tumor_cells_type2_radius_2700_to_2850,tumor_cells_type3_radius_2700_to_2850,tumor_cells_type4_radius_2700_to_2850,tumor_cells_type5_dead_radius_2700_to_2850,average_oncoprotein_radius_2700_to_2850,average_oxygen_cancer_cells_radius_2700_to_2850,average_oxygen_all_cells_radius_2700_to_2850,average_glucose_cancer_cells_radius_2700_to_2850,average_glucose_all_cells_radius_2700_to_2850,num_alive_cells_radius_2850_to_3000,num_dead_cells_radius_2850_to_3000,total_num_cells_radius_2850_to_3000,num_alive_tumor_cells_radius_2850_to_3000,total_num_tumor_cells_radius_2850_to_3000,num_alive_cart_cells_radius_2850_to_3000,num_dead_cart_cells_radius_2850_to_3000,tumor_cells_type1_radius_2850_to_3000,tumor_cells_type2_radius_2850_to_3000,tumor_cells_type3_radius_2850_to_3000,tumor_cells_type4_radius_2850_to_3000,tumor_cells_type5_dead_radius_2850_to_3000,average_oncoprotein_radius_2850_to_3000,average_oxygen_cancer_cells_radius_2850_to_3000,average_oxygen_all_cells_radius_2850_to_3000,average_glucose_cancer_cells_radius_2850_to_3000,average_glucose_all_cells_radius_2850_to_3000
0,0,0,69,0,69,69,69,0,0,0,69,0,0,0,1,0,0,24.98,24.98,218,0,218,218,218,0,0,0,218,0,0,0,1,0,0,24.98,24.98,367,1,368,367,368,0,0,0,367,0,0,1,1,0,0,24.98,24.98,509,0,509,509,509,0,0,0,509,0,0,0,1,0,0,24.98,24.98,636,0,636,636,636,0,0,0,636,0,0,0,1,0,0,24.98,24.98,784,0,784,784,784,0,0,0,784,0,0,0,1,0,0,24.98,24.98,901,0,901,901,901,0,0,0,901,0,0,0,1,0,0,24.98,24.98,1022,1,1023,1022,1023,0,0,0,1022,0,0,1,1,0,0,24.98,24.98,1226,0,1226,1226,1226,0,0,0,1226,0,0,0,1,0,0,24.98,24.98,1308,0,1308,1308,1308,0,0,0,1308,0,0,0,1,0,0,24.98,24.98,1485,0,1485,1485,1485,0,0,0,1485,0,0,0,1,0,0,24.98,24.98,1627,0,1627,1627,1627,0,0,0,1627,0,0,0,1,0,0,24.98,24.98,1720,1,1721,1720,1721,0,0,0,1720,0,0,1,1,0,0,24.98,24.98,1888,0,1888,1888,1888,0,0,0,1888,0,0,0,1,0,0,24.98,24.98,2045,0,2045,2045,2045,0,0,0,2045,0,0,0,1,0,0,24.98,24.98,2173,0,2173,2173,2173,0,0,0,2173,0,0,0,1,0,0,24.98,24.98,2326,1,2327,2326,2327,0,0,0,2326,0,0,1,1,0,0,24.98,24.98,2454,1,2455,2454,2455,0,0,0,2454,0,0,1,1,0,0,24.98,24.98,2494,2,2496,2494,2496,0,0,0,2494,0,0,2,1,0,0,24.98,24.98,2741,0,2741,2741,2741,0,0,0,2741,0,0,0,1,0,0,24.98,24.98
0.0416667,1,60,69,0,69,69,69,0,0,0,69,0,0,0,1,5.09837,5.09837,23.774,23.774,218,0,218,218,218,0,0,0,218,0,0,0,1,5.27205,5.27205,23.7787,23.7787,365,2,367,365,367,0,0,0,365,0,0,2,1,5.56849,5.56849,23.7785,23.7785,509,1,510,509,510,0,0,0,509,0,0,1,1,6.01932,6.01932,23.7788,23.7788,634,3,637,634,637,0,0,0,634,0,0,3,1,6.62244,6.62244,23.7828,23.7828,780,1,781,780,781,0,0,0,780,0,0,1,1,7.47804,7.47804,23.7883,23.7883,900,3,903,900,903,0,0,0,900,0,0,3,1,8.56719,8.56719,23.7945,23.7945,1021,2,1023,1021,1023,0,0,0,1021,0,0,2,1,9.92516,9.92516,23.7995,23.7995,1223,3,1226,1223,1226,0,0,0,1223,0,0,3,1,11.6063,11.6063,23.8081,23.8081,1307,1,1308,1307,1308,0,0,0,1307,0,0,1,1,13.7528,13.7528,23.8177,23.8177,1486,0,1486,1486,1486,0,0,0,1486,0,0,0,1,16.343,16.343,23.8289,23.8289,1622,4,1626,1622,1626,0,0,0,1622,0,0,4,1,19.5008,19.5008,23.8454,23.8454,1718,3,1721,1718,1721,0,0,0,1718,0,0,3,1,23.5701,23.5701,23.8677,23.8677,1885,4,1889,1885,1889,0,0,0,1885,0,0,4,1,28.4712,28.4712,23.8943,23.8943,2044,0,2044,2044,2044,0,0,0,2044,0,0,0,1,34.6811,34.6811,23.9305,23.9305,2170,3,2173,2170,2173,0,0,0,2170,0,0,3,1,42.1051,42.1051,23.9746,23.9746,2322,5,2327,2322,2327,0,0,0,2322,0,0,5,1,51.2739,51.2739,24.0291,24.0291,2453,3,2456,2453,2456,0,0,0,2453,0,0,3,1,62.8622,62.8622,24.0989,24.0989,2487,8,2495,2487,2495,0,0,0,2487,0,0,8,1,76.6442,76.6442,24.1822,24.1822,2737,3,2740,2737,2740,0,0,0,2737,0,0,3,1,94.7624,94.7624,24.2798,24.2798
0.0833333,2,120,68,1,69,68,69,0,0,0,68,0,0,1,1,5.12255,5.12255,22.6868,22.6868,218,0,218,218,218,0,0,0,218,0,0,0,1,5.29319,5.29319,22.692,22.692,364,3,367,364,367,0,0,0,364,0,0,3,1,5.58951,5.58951,22.6958,22.6958,509,1,510,509,510,0,0,0,509,0,0,1,1,6.04128,6.04128,22.7021,22.7021,633,4,637,633,637,0,0,0,633,0,0,4,1,6.64498,6.64498,22.7136,22.7136,779,3,782,779,782,0,0,0,779,0,0,3,1,7.50225,7.50225,22.7294,22.7294,896,6,902,896,902,0,0,0,896,0,0,6,1,8.59215,8.59215,22.7489,22.7489,1020,3,1023,1020,1023,0,0,0,1020,0,0,3,1,9.95246,9.95246,22.7693,22.7693,1222,4,1226,1222,1226,0,0,0,1222,0,0,4,1,11.6362,11.6362,22.796,22.796,1302,6,1308,1302,1308,0,0,0,1302,0,0,6,1,13.7845,13.7845,22.8262,22.8262,1484,2,1486,1484,1486,0,0,0,1484,0,0,2,1,16.375,16.375,22.8609,22.8609,1619,7,1626,1619,1626,0,0,0,1619,0,0,7,1,19.5369,19.5369,22.9043,22.9043,1718,3,1721,1718,1721,0,0,0,1718,0,0,3,1,23.61,23.61,22.9537,22.9537,1880,9,1889,1880,1889,0,0,0,1880,0,0,9,1,28.5164,28.5164,23.0109,23.0109,2042,2,2044,2042,2044,0,0,0,2042,0,0,2,1,34.7231,34.7231,23.0779,23.0779,2164,9,2173,2164,2173,0,0,0,2164,0,0,9,1,42.1497,42.1497,23.1548,23.1548,2317,10,2327,2317,2327,0,0,0,2317,0,0,10,1,51.3192,51.3192,23.2397,23.2397,2453,3,2456,2453,2456,0,0,0,2453,0,0,3,1,62.9022,62.9022,23.3408,23.3408,2486,9,2495,2486,2495,0,0,0,2486,0,0,9,1,76.6767,76.6767,23.455,23.455,2732,8,2740,2732,2740,0,0,0,2732,0,0,8,1,94.7911,94.7911,23.577,23.577
0.125,3,180,67,2,69,67,69,0,0,0,67,0,0,2,1,5.14935,5.14935,21.7394,21.7394,217,1,218,217,218,0,0,0,217,0,0,1,1,5.3142,5.3142,21.7451,21.7451,363,4,367,363,367,0,0,0,363,0,0,4,1,5.61033,5.61033,21.7531,21.7531,507,3,510,507,510,0,0,0,507,0,0,3,1,6.06183,6.06183,21.7653,21.7653,633,4,637,633,637,0,0,0,633,0,0,4,1,6.6648,6.6648,21.7838,21.7838,775,7,782,775,782,0,0,0,775,0,0,7,1,7.52353,7.52353,21.8091,21.8091,895,7,902,895,902,0,0,0,895,0,0,7,1,8.61296,8.61296,21.8399,21.8399,1019,4,1023,1019,1023,0,0,0,1019,0,0,4,1,9.97355,9.97355,21.8733,21.8733,1222,4,1226,1222,1226,0,0,0,1222,0,0,4,1,11.659,11.659,21.9142,21.9142,1298,10,1308,1298,1308,0,0,0,1298,0,0,10,1,13.8082,13.8082,21.9598,21.9598,1482,4,1486,1482,1486,0,0,0,1482,0,0,4,1,16.4003,16.4003,22.0114,22.0114,1617,9,1626,1617,1626,0,0,0,1617,0,0,9,1,19.5639,19.5639,22.0731,22.0731,1713,8,1721,1713,1721,0,0,0,1713,0,0,8,1,23.6374,23.6374,22.1396,22.1396,1877,12,1889,1877,1889,0,0,0,1877,0,0,12,1,28.5446,28.5446,22.2157,22.2157,2040,4,2044,2040,2044,0,0,0,2040,0,0,4,1,34.7523,34.7523,22.3004,22.3004,2162,11,2173,2162,2173,0,0,0,2162,0,0,11,1,42.1796,42.1796,22.3957,22.3957,2314,13,2327,2314,2327,0,0,0,2314,0,0,13,1,51.3488,51.3488,22.4967,22.4967,2451,5,2456,2451,2456,0,0,0,2451,0,0,5,1,62.9276,62.9276,22.6138,22.6138,2486,9,2495,2486,2495,0,0,0,2486,0,0,9,1,76.7005,76.7005,22.7438,22.7438,2727,13,2740,2727,2740,0,0,0,2727,0,0,13,1,94.8149,94.8149,22.8771,22.8771
0.166667,4,240,67,2,69,67,69,0,0,0,67,0,0,2,1,5.16599,5.16599,20.9068,20.9068,217,1,218,217,218,0,0,0,217,0,0,1,1,5.33186,5.33186,20.913,20.913,362,5,367,362,367,0,0,0,362,0,0,5,1,5.6286,5.6286,20.9237,20.9237,507,3,510,507,510,0,0,0,507,0,0,3,1,6.07905,6.07905,20.9396,20.9396,633,4,637,633,637,0,0,0,633,0,0,4,1,6.68324,6.68324,20.9627,20.9627,772,10,782,772,782,0,0,0,772,0,0,10,1,7.54378,7.54378,20.9942,20.9942,895,7,902,895,902,0,0,0,895,0,0,7,1,8.63429,8.63429,21.0323,21.0323,1014,9,1023,1014,1023,0,0,0,1014,0,0,9,1,9.99686,9.99686,21.0738,21.0738,1222,4,1226,1222,1226,0,0,0,1222,0,0,4,1,11.683,11.683,21.1236,21.1236,1297,11,1308,1297,1308,0,0,0,1297,0,0,11,1,13.8345,13.8345,21.1788,21.1788,1480,6,1486,1480,1486,0,0,0,1480,0,0,6,1,16.4297,16.4297,21.2407,21.2407,1613,13,1626,1613,1626,0,0,0,1613,0,0,13,1,19.5952,19.5952,21.3132,21.3132,1710,11,1721,1710,1721,0,0,0,1710,0,0,11,1,23.6698,23.6698,21.3898,21.3898,1875,14,1889,1875,1889,0,0,0,1875,0,0,14,1,28.5782,28.5782,21.4766,21.4766,2036,8,2044,2036,2044,0,0,0,2036,0,0,8,1,34.7863,34.7863,21.5711,21.5711,2162,11,2173,2162,2173,0,0,0,2162,0,0,11,1,42.2125,42.2125,21.6766,21.6766,2312,15,2327,2312,2327,0,0,0,2312,0,0,15,1,51.3801,51.3801,21.7859,21.7859,2449,7,2456,2449,2456,0,0,0,2449,0,0,7,1,62.9586,62.9586,21.9113,21.9113,2483,12,2495,2483,2495,0,0,0,2483,0,0,12,1,76.7292,76.7292,22.0491,22.0491,2725,15,2740,2725,2740,0,0,0,2725,0,0,15,1,94.8351,94.8351,22.1873,22.1873
0.208333,5,300,67,2,69,67,69,0,0,0,67,0,0,2,1,5.18096,5.18096,20.1566,20.1566,217,1,218,217,218,0,0,0,217,0,0,1,1,5.34649,5.34649,20.1633,20.1633,361,6,367,361,367,0,0,0,361,0,0,6,1,5.64355,5.64355,20.1756,20.1756,506,4,510,506,510,0,0,0,506,0,0,4,1,6.09412,6.09412,20.1938,20.1938,633,4,637,633,637,0,0,0,633,0,0,4,1,6.6986,6.6986,20.2195,20.2195,771,11,782,771,782,0,0,0,771,0,0,11,1,7.56063,7.56063,20.2546,20.2546,895,7,902,895,902,0,0,0,895,0,0,7,1,8.65287,8.65287,20.2969,20.2969,1014,9,1023,1014,1023,0,0,0,1014,0,0,9,1,10.0175,10.0175,20.3433,20.3433,1221,5,1226,1221,1226,0,0,0,1221,0,0,5,1,11.706,11.706,20.3982,20.3982,1295,13,1308,1295,1308,0,0,0,1295,0,0,13,1,13.8603,13.8603,20.4588,20.4588,1479,7,1486,1479,1486,0,0,0,1479,0,0,7,1,16.4584,16.4584,20.5264,20.5264,1610,16,1626,1610,1626,0,0,0,1610,0,0,16,1,19.6281,19.6281,20.6049,20.6049,1708,13,1721,1708,1721,0,0,0,1708,0,0,13,1,23.7049,23.7049,20.6868,20.6868,1872,17,1889,1872,1889,0,0,0,1872,0,0,17,1,28.6165,28.6165,20.7793,20.7793,2033,11,2044,2033,2044,0,0,0,2033,0,0,11,1,34.8283,34.8283,20.8788,20.8788,2156,17,2173,2156,2173,0,0,0,2156,0,0,17,1,42.2529,42.2529,20.9891,20.9891,2310,17,2327,2310,2327,0,0,0,2310,0,0,17,1,51.4162,51.4162,21.1021,21.1021,2449,7,2456,2449,2456,0,0,0,2449,0,0,7,1,62.9943,62.9943,21.231,21.231,2479,16,2495,2479,2495,0,0,0,2479,0,0,16,1,76.7638,76.7638,21.3719,21.3719,2722,18,2740,2722,2740,0,0,0,2722,0,0,18,1,94.8637,94.8637,21.5113,21.5113
0.25,6,360,67,2,69,67,69,0,0,0,67,0,0,2,1,5.19915,5.19915,19.4675,19.4675,216,2,218,216,218,0,0,0,216,0,0,2,1,5.36499,5.36499,19.4744,19.4744,361,6,367,361,367,0,0,0,361,0,0,6,1,5.66211,5.66211,19.4876,19.4876,506,4,510,506,510,0,0,0,506,0,0,4,1,6.11412,6.11412,19.507,19.507,632,5,637,632,637,0,0,0,632,0,0,5,1,6.71942,6.71942,19.5343,19.5343,768,14,782,768,782,0,0,0,768,0,0,14,1,7.58365,7.58365,19.5712,19.5712,893,9,902,893,902,0,0,0,893,0,0,9,1,8.6773,8.6773,19.6157,19.6157,1012,11,1023,1012,1023,0,0,0,1012,0,0,11,1,10.0436,10.0436,19.6645,19.6645,1219,7,1226,1219,1226,0,0,0,1219,0,0,7,1,11.7335,11.7335,19.722,19.722,1290,18,1308,1290,1308,0,0,0,1290,0,0,18,1,13.8881,13.8881,19.785,19.785,1476,10,1486,1476,1486,0,0,0,1476,0,0,10,1,16.4879,16.4879,19.8553,19.8553,1606,20,1626,1606,1626,0,0,0,1606,0,0,20,1,19.6574,19.6574,19.9365,19.9365,1707,14,1721,1707,1721,0,0,0,1707,0,0,14,1,23.7335,23.7335,20.0206,20.0206,1863,26,1889,1863,1889,0,0,0,1863,0,0,26,1,28.6455,28.6455,20.1154,20.1154,2033,12,2045,2033,2045,0,0,0,2033,0,0,12,1,34.8571,34.8571,20.2168,20.2168,2154,18,2172,2154,2172,0,0,0,2154,0,0,18,1,42.2772,42.2772,20.3287,20.3287,2310,17,2327,2310,2327,0,0,0,2310,0,0,17,1,51.4359,51.4359,20.4425,20.4425,2448,8,2456,2448,2456,0,0,0,2448,0,0,8,1,63.0156,63.0156,20.5719,20.5719,2477,18,2495,2477,2495,0,0,0,2477,0,0,18,1,76.7785,76.7785,20.7131,20.7131,2722,18,2740,2722,2740,0,0,0,2722,0,0,18,1,94.8715,94.8715,20.8515,20.8515
0.291667,7,420,67,2,69,67,69,0,0,0,67,0,0,2,1,5.22217,5.22217,18.8245,18.8245,215,3,218,215,218,0,0,0,215,0,0,3,1,5.39153,5.39153,18.8317,18.8317,360,7,367,360,367,0,0,0,360,0,0,7,1,5.69021,5.69021,18.8454,18.8454,505,5,510,505,510,0,0,0,505,0,0,5,1,6.14293,6.14293,18.8654,18.8654,626,11,637,626,637,0,0,0,626,0,0,11,1,6.75048,6.75048,18.8933,18.8933,766,16,782,766,782,0,0,0,766,0,0,16,1,7.6158,7.6158,18.9308,18.9308,891,11,902,891,902,0,0,0,891,0,0,11,1,8.71014,8.71014,18.9761,18.9761,1011,12,1023,1011,1023,0,0,0,1011,0,0,12,1,10.0774,10.0774,19.0257,19.0257,1214,12,1226,1214,1226,0,0,0,1214,0,0,12,1,11.7696,11.7696,19.084,19.084,1287,21,1308,1287,1308,0,0,0,1287,0,0,21,1,13.9271,13.9271,19.1478,19.1478,1474,12,1486,1474,1486,0,0,0,1474,0,0,12,1,16.5273,16.5273,19.2188,19.2188,1605,21,1626,1605,1626,0,0,0,1605,0,0,21,1,19.6994,19.6994,19.3007,19.3007,1702,19,1721,1702,1721,0,0,0,1702,0,0,19,1,23.7792,23.7792,19.3851,19.3851,1859,30,1889,1859,1889,0,0,0,1859,0,0,30,1,28.6921,28.6921,19.48,19.48,2028,17,2045,2028,2045,0,0,0,2028,0,0,17,1,34.9044,34.9044,19.5813,19.5813,2153,19,2172,2153,2172,0,0,0,2153,0,0,19,1,42.321,42.321,19.6928,19.6928,2308,19,2327,2308,2327,0,0,0,2308,0,0,19,1,51.4796,51.4796,19.8056,19.8056,2444,12,2456,2444,2456,0,0,0,2444,0,0,12,1,63.0573,63.0573,19.9338,19.9338,2472,22,2494,2472,2494,0,0,0,2472,0,0,22,1,76.8114,76.8114,20.0733,20.0733,2722,19,2741,2722,2741,0,0,0,2722,0,0,19,1,94.8965,94.8965,20.2094,20.2094
0.333333,8,480,67,2,69,67,69,0,0,0,67,0,0,2,1,5.24107,5.24107,18.2181,18.2181,215,3,218,215,218,0,0,0,215,0,0,3,1,5.40936,5.40936,18.2254,18.2254,358,9,367,358,367,0,0,0,358,0,0,9,1,5.70864,5.70864,18.2392,18.2392,505,5,510,505,510,0,0,0,505,0,0,5,1,6.16127,6.16127,18.259,18.259,626,11,637,626,637,0,0,0,626,0,0,11,1,6.76906,6.76906,18.2869,18.2869,764,18,782,764,782,0,0,0,764,0,0,18,1,7.63705,7.63705,18.3243,18.3243,888,14,902,888,902,0,0,0,888,0,0,14,1,8.7316,8.7316,18.3694,18.3694,1010,13,1023,1010,1023,0,0,0,1010,0,0,13,1,10.1013,10.1013,18.4188,18.4188,1212,15,1227,1212,1227,0,0,0,1212,0,0,15,1,11.7963,11.7963,18.4769,18.4769,1283,24,1307,1283,1307,0,0,0,1283,0,0,24,1,13.9559,13.9559,18.5403,18.5403,1472,14,1486,1472,1486,0,0,0,1472,0,0,14,1,16.5584,16.5584,18.6107,18.6107,1603,23,1626,1603,1626,0,0,0,1603,0,0,23,1,19.732,19.732,18.692,18.692,1698,23,1721,1698,1721,0,0,0,1698,0,0,23,1,23.8156,23.8156,18.7755,18.7755,1856,33,1889,1856,1889,0,0,0,1856,0,0,33,1,28.7308,28.7308,18.8694,18.8694,2026,19,2045,2026,2045,0,0,0,2026,0,0,19,1,34.9463,34.9463,18.9694,18.9694,2149,23,2172,2149,2172,0,0,0,2149,0,0,23,1,42.3635,42.3635,19.0794,19.0794,2307,20,2327,2307,2327,0,0,0,2307,0,0,20,1,51.5226,51.5226,19.1903,19.1903,2440,16,2456,2440,2456,0,0,0,2440,0,0,16,1,63.1026,63.1026,19.3161,19.3161,2467,27,2494,2467,2494,0,0,0,2467,0,0,27,1,76.8548,76.8548,19.4531,19.4531,2718,23,2741,2718,2741,0,0,0,2718,0,0,23,1,94.9339,94.9339,19.5861,19.5861
0.375,9,540,67,2,69,67,69,0,0,0,67,0,0,2,1,5.26308,5.26308,17.6407,17.6407,214,4,218,214,218,0,0,0,214,0,0,4,1,5.43292,5.43292,17.6478,17.6478,357,10,367,357,367,0,0,0,357,0,0,10,1,5.7318,5.7318,17.6614,17.6614,504,6,510,504,510,0,0,0,504,0,0,6,1,6.18473,6.18473,17.6809,17.6809,626,11,637,626,637,0,0,0,626,0,0,11,1,6.79338,6.79338,17.7085,17.7085,762,20,782,762,782,0,0,0,762,0,0,20,1,7.66328,7.66328,17.7455,17.7455,884,18,902,884,902,0,0,0,884,0,0,18,1,8.75977,8.75977,17.79,17.79,1009,14,1023,1009,1023,0,0,0,1009,0,0,14,1,10.1302,10.1302,17.8387,17.8387,1211,16,1227,1211,1227,0,0,0,1211,0,0,16,1,11.8254,11.8254,17.896,17.896,1281,26,1307,1281,1307,0,0,0,1281,0,0,26,1,13.9875,13.9875,17.9583,17.9583,1467,19,1486,1467,1486,0,0,0,1467,0,0,19,1,16.5926,16.5926,18.0276,18.0276,1598,28,1626,1598,1626,0,0,0,1598,0,0,28,1,19.7658,19.7658,18.1074,18.1074,1698,23,1721,1698,1721,0,0,0,1698,0,0,23,1,23.8482,23.8482,18.1894,18.1894,1855,34,1889,1855,1889,0,0,0,1855,0,0,34,1,28.7634,28.7634,18.2813,18.2813,2025,20,2045,2025,2045,0,0,0,2025,0,0,20,1,34.9801,34.9801,18.3794,18.3794,2145,27,2172,2145,2172,0,0,0,2145,0,0,27,1,42.3988,42.3988,18.487,18.487,2304,23,2327,2304,2327,0,0,0,2304,0,0,23,1,51.5578,51.5578,18.5954,18.5954,2437,19,2456,2437,2456,0,0,0,2437,0,0,19,1,63.1357,63.1357,18.7182,18.7182,2465,29,2494,2465,2494,0,0,0,2465,0,0,29,1,76.884,76.884,18.852,18.852,2716,25,2741,2716,2741,0,0,0,2716,0,0,25,1,94.9591,94.9591,18.9815,18.9815
0.416667,10,600,67,2,69,67,69,0,0,0,67,0,0,2,1,5.28094,5.28094,17.088,17.088,214,4,218,214,218,0,0,0,214,0,0,4,1,5.45072,5.45072,17.0948,17.0948,356,11,367,356,367,0,0,0,356,0,0,11,1,5.75043,5.75043,17.1081,17.1081,503,7,510,503,510,0,0,0,503,0,0,7,1,6.20434,6.20434,17.1273,17.1273,626,11,637,626,637,0,0,0,626,0,0,11,1,6.81384,6.81384,17.1542,17.1542,759,23,782,759,782,0,0,0,759,0,0,23,1,7.68444,7.68444,17.1905,17.1905,883,19,902,883,902,0,0,0,883,0,0,19,1,8.78142,8.78142,17.2339,17.2339,1006,17,1023,1006,1023,0,0,0,1006,0,0,17,1,10.1533,10.1533,17.2816,17.2816,1210,17,1227,1210,1227,0,0,0,1210,0,0,17,1,11.8484,11.8484,17.3376,17.3376,1279,28,1307,1279,1307,0,0,0,1279,0,0,28,1,14.0128,14.0128,17.3985,17.3985,1466,20,1486,1466,1486,0,0,0,1466,0,0,20,1,16.6187,16.6187,17.4663,17.4663,1595,31,1626,1595,1626,0,0,0,1595,0,0,31,1,19.7932,19.7932,17.5442,17.5442,1695,26,1721,1695,1721,0,0,0,1695,0,0,26,1,23.8747,23.8747,17.6241,17.6241,1852,37,1889,1852,1889,0,0,0,1852,0,0,37,1,28.7908,28.7908,17.7138,17.7138,2023,22,2045,2023,2045,0,0,0,2023,0,0,22,1,35.0059,35.0059,17.8094,17.8094,2143,29,2172,2143,2172,0,0,0,2143,0,0,29,1,42.4241,42.4241,17.9144,17.9144,2303,24,2327,2303,2327,0,0,0,2303,0,0,24,1,51.5829,51.5829,18.0198,18.0198,2435,21,2456,2435,2456,0,0,0,2435,0,0,21,1,63.1531,63.1531,18.1394,18.1394,2463,31,2494,2463,2494,0,0,0,2463,0,0,31,1,76.9064,76.9064,18.2697,18.2697,2713,28,2741,2713,2741,0,0,0,2713,0,0,28,1,94.9806,94.9806,18.3955,18.3955
0.458333,11,660,67,2,69,67,69,0,0,0,67,0,0,2,1,5.30169,5.30169,16.5568,16.5568,213,5,218,213,218,0,0,0,213,0,0,5,1,5.47263,5.47263,16.5631,16.5631,356,11,367,356,367,0,0,0,356,0,0,11,1,5.77245,5.77245,16.5761,16.5761,500,10,510,500,510,0,0,0,500,0,0,10,1,6.22697,6.22697,16.5949,16.5949,626,11,637,626,637,0,0,0,626,0,0,11,1,6.83719,6.83719,16.6211,16.6211,757,25,782,757,782,0,0,0,757,0,0,25,1,7.70882,7.70882,16.6563,16.6563,880,22,902,880,902,0,0,0,880,0,0,22,1,8.8073,8.8073,16.6987,16.6987,1004,19,1023,1004,1023,0,0,0,1004,0,0,19,1,10.1803,10.1803,16.7452,16.7452,1207,20,1227,1207,1227,0,0,0,1207,0,0,20,1,11.8761,11.8761,16.7997,16.7997,1278,29,1307,1278,1307,0,0,0,1278,0,0,29,1,14.042,14.042,16.8589,16.8589,1465,21,1486,1465,1486,0,0,0,1465,0,0,21,1,16.6495,16.6495,16.9248,16.9248,1590,36,1626,1590,1626,0,0,0,1590,0,0,36,1,19.8267,19.8267,17.0007,17.0007,1693,28,1721,1693,1721,0,0,0,1693,0,0,28,1,23.9112,23.9112,17.0785,17.0785,1848,41,1889,1848,1889,0,0,0,1848,0,0,41,1,28.8289,28.8289,17.1657,17.1657,2020,25,2045,2020,2045,0,0,0,2020,0,0,25,1,35.0442,35.0442,17.2586,17.2586,2143,29,2172,2143,2172,0,0,0,2143,0,0,29,1,42.4643,42.4643,17.3607,17.3607,2302,25,2327,2302,2327,0,0,0,2302,0,0,25,1,51.6243,51.6243,17.4631,17.4631,2431,25,2456,2431,2456,0,0,0,2431,0,0,25,1,63.1962,63.1962,17.5792,17.5792,2457,37,2494,2457,2494,0,0,0,2457,0,0,37,1,76.9504,76.9504,17.7058,17.7058,2710,31,2741,2710,2741,0,0,0,2710,0,0,31,1,95.0169,95.0169,17.8278,17.8278
0.5,12,720,67,2,69,67,69,0,0,0,67,0,0,2,1,5.31954,5.31954,16.0443,16.0443,213,5,218,213,218,0,0,0,213,0,0,5,1,5.48905,5.48905,16.0504,16.0504,355,12,367,355,367,0,0,0,355,0,0,12,1,5.78997,5.78997,16.0631,16.0631,500,10,510,500,510,0,0,0,500,0,0,10,1,6.24623,6.24623,16.0814,16.0814,625,12,637,625,637,0,0,0,625,0,0,12,1,6.85707,6.85707,16.1068,16.1068,757,25,782,757,782,0,0,0,757,0,0,25,1,7.7301,7.7301,16.1411,16.1411,879,23,902,879,902,0,0,0,879,0,0,23,1,8.83079,8.83079,16.1823,16.1823,1001,22,1023,1001,1023,0,0,0,1001,0,0,22,1,10.2069,10.2069,16.2276,16.2276,1203,24,1227,1203,1227,0,0,0,1203,0,0,24,1,11.9059,11.9059,16.2806,16.2806,1275,32,1307,1275,1307,0,0,0,1275,0,0,32,1,14.0734,14.0734,16.3381,16.3381,1463,23,1486,1463,1486,0,0,0,1463,0,0,23,1,16.6826,16.6826,16.4021,16.4021,1585,41,1626,1585,1626,0,0,0,1585,0,0,41,1,19.8614,19.8614,16.4758,16.4758,1693,28,1721,1693,1721,0,0,0,1693,0,0,28,1,23.9472,23.9472,16.5512,16.5512,1845,44,1889,1845,1889,0,0,0,1845,0,0,44,1,28.8663,28.8663,16.6359,16.6359,2017,28,2045,2017,2045,0,0,0,2017,0,0,28,1,35.0823,35.0823,16.7261,16.7261,2139,33,2172,2139,2172,0,0,0,2139,0,0,33,1,42.5022,42.5022,16.8251,16.8251,2296,31,2327,2296,2327,0,0,0,2296,0,0,31,1,51.6601,51.6601,16.9244,16.9244,2430,26,2456,2430,2456,0,0,0,2430,0,0,26,1,63.2288,63.2288,17.037,17.037,2455,39,2494,2455,2494,0,0,0,2455,0,0,39,1,76.9783,76.9783,17.1598,17.1598,2708,33,2741,2708,2741,0,0,0,2708,0,0,33,1,95.0396,95.0396,17.278,17.278
0.541667,13,780,67,2,69,67,69,0,0,0,67,0,0,2,1,5.33384,5.33384,15.5498,15.5498,213,5,218,213,218,0,0,0,213,0,0,5,1,5.50405,5.50405,15.5555,15.5555,355,12,367,355,367,0,0,0,355,0,0,12,1,5.80595,5.80595,15.5679,15.5679,497,13,510,497,510,0,0,0,497,0,0,13,1,6.26346,6.26346,15.5858,15.5858,624,13,637,624,637,0,0,0,624,0,0,13,1,6.87471,6.87471,15.6104,15.6104,757,25,782,757,782,0,0,0,757,0,0,25,1,7.74749,7.74749,15.6436,15.6436,876,26,902,876,902,0,0,0,876,0,0,26,1,8.84971,8.84971,15.6837,15.6837,999,24,1023,999,1023,0,0,0,999,0,0,24,1,10.226,10.226,15.7275,15.7275,1202,25,1227,1202,1227,0,0,0,1202,0,0,25,1,11.9248,11.9248,15.779,15.779,1274,33,1307,1274,1307,0,0,0,1274,0,0,33,1,14.0935,14.0935,15.8347,15.8347,1462,24,1486,1462,1486,0,0,0,1462,0,0,24,1,16.7039,16.7039,15.8967,15.8967,1584,42,1626,1584,1626,0,0,0,1584,0,0,42,1,19.8846,19.8846,15.9682,15.9682,1693,28,1721,1693,1721,0,0,0,1693,0,0,28,1,23.9716,23.9716,16.0413,16.0413,1841,48,1889,1841,1889,0,0,0,1841,0,0,48,1,28.8927,28.8927,16.1234,16.1234,2016,29,2045,2016,2045,0,0,0,2016,0,0,29,1,35.1106,35.1106,16.2109,16.2109,2136,36,2172,2136,2172,0,0,0,2136,0,0,36,1,42.5312,42.5312,16.3069,16.3069,2294,33,2327,2294,2327,0,0,0,2294,0,0,33,1,51.6861,51.6861,16.4031,16.4031,2431,26,2457,2431,2457,0,0,0,2431,0,0,26,1,63.2492,63.2492,16.5122,16.5122,2453,40,2493,2453,2493,0,0,0,2453,0,0,40,1,77.0092,77.0092,16.6313,16.6313,2706,35,2741,2706,2741,0,0,0,2706,0,0,35,1,95.0591,95.0591,16.7457,16.7457
0.583333,14,840,67,2,69,67,69,0,0,0,67,0,0,2,1,5.35801,5.35801,15.0728,15.0728,210,8,218,210,218,0,0,0,210,0,0,8,1,5.52478,5.52478,15.0778,15.0778,354,13,367,354,367,0,0,0,354,0,0,13,1,5.82489,5.82489,15.0896,15.0896,496,14,510,496,510,0,0,0,496,0,0,14,1,6.28145,6.28145,15.1068,15.1068,624,13,637,624,637,0,0,0,624,0,0,13,1,6.89157,6.89157,15.1305,15.1305,756,26,782,756,782,0,0,0,756,0,0,26,1,7.76474,7.76474,15.1625,15.1625,875,27,902,875,902,0,0,0,875,0,0,27,1,8.86788,8.86788,15.2014,15.2014,998,25,1023,998,1023,0,0,0,998,0,0,25,1,10.2448,10.2448,15.2439,15.2439,1200,27,1227,1200,1227,0,0,0,1200,0,0,27,1,11.945,11.945,15.2938,15.2938,1273,34,1307,1273,1307,0,0,0,1273,0,0,34,1,14.1145,14.1145,15.3476,15.3476,1460,26,1486,1460,1486,0,0,0,1460,0,0,26,1,16.7264,16.7264,15.4077,15.4077,1582,44,1626,1582,1626,0,0,0,1582,0,0,44,1,19.91,19.91,15.477,15.477,1692,29,1721,1692,1721,0,0,0,1692,0,0,29,1,23.9979,23.9979,15.5478,15.5478,1838,51,1889,1838,1889,0,0,0,1838,0,0,51,1,28.9212,28.9212,15.6273,15.6273,2013,32,2045,2013,2045,0,0,0,2013,0,0,32,1,35.1409,35.1409,15.7121,15.7121,2136,36,2172,2136,2172,0,0,0,2136,0,0,36,1,42.563,42.563,15.8052,15.8052,2292,35,2327,2292,2327,0,0,0,2292,0,0,35,1,51.72,51.72,15.8983,15.8983,2429,28,2457,2429,2457,0,0,0,2429,0,0,28,1,63.2859,63.2859,16.004,16.004,2449,44,2493,2449,2493,0,0,0,2449,0,0,44,1,77.0476,77.0476,16.1195,16.1195,2700,41,2741,2700,2741,0,0,0,2700,0,0,41,1,95.0938,95.0938,16.2302,16.2302
0.625,15,900,67,2,69,67,69,0,0,0,67,0,0,2,1,5.37418,5.37418,14.6113,14.6113,210,8,218,210,218,0,0,0,210,0,0,8,1,5.53948,5.53948,14.6156,14.6156,353,14,367,353,367,0,0,0,353,0,0,14,1,5.84023,5.84023,14.627,14.627,496,14,510,496,510,0,0,0,496,0,0,14,1,6.29746,6.29746,14.6436,14.6436,623,14,637,623,637,0,0,0,623,0,0,14,1,6.90813,6.90813,14.6664,14.6664,752,29,781,752,781,0,0,0,752,0,0,29,1,7.78292,7.78292,14.6974,14.6974,876,27,903,876,903,0,0,0,876,0,0,27,1,8.88502,8.88502,14.7348,14.7348,997,26,1023,997,1023,0,0,0,997,0,0,26,1,10.2651,10.2651,14.776,14.776,1197,30,1227,1197,1227,0,0,0,1197,0,0,30,1,11.968,11.968,14.8243,14.8243,1271,36,1307,1271,1307,0,0,0,1271,0,0,36,1,14.1389,14.1389,14.8764,14.8764,1457,29,1486,1457,1486,0,0,0,1457,0,0,29,1,16.7526,16.7526,14.9345,14.9345,1581,45,1626,1581,1626,0,0,0,1581,0,0,45,1,19.9389,19.9389,15.0017,15.0017,1690,31,1721,1690,1721,0,0,0,1690,0,0,31,1,24.0303,24.0303,15.0702,15.0702,1837,52,1889,1837,1889,0,0,0,1837,0,0,52,1,28.9556,28.9556,15.1472,15.1472,2013,32,2045,2013,2045,0,0,0,2013,0,0,32,1,35.179,35.179,15.2294,15.2294,2131,41,2172,2131,2172,0,0,0,2131,0,0,41,1,42.6055,42.6055,15.3196,15.3196,2286,41,2327,2286,2327,0,0,0,2286,0,0,41,1,51.7631,51.7631,15.4097,15.4097,2429,29,2458,2429,2458,0,0,0,2429,0,0,29,1,63.3285,63.3285,15.512,15.512,2445,48,2493,2445,2493,0,0,0,2445,0,0,48,1,77.087,77.087,15.624,15.624,2697,44,2741,2697,2741,0,0,0,2697,0,0,44,1,95.1281,95.1281,15.7312,15.7312
0.666667,16,960,67,2,69,67,69,0,0,0,67,0,0,2,1,5.39642,5.39642,14.1643,14.1643,210,8,218,210,218,0,0,0,210,0,0,8,1,5.56139,5.56139,14.1681,14.1681,352,15,367,352,367,0,0,0,352,0,0,15,1,5.86311,5.86311,14.1792,14.1792,495,15,510,495,510,0,0,0,495,0,0,15,1,6.32184,6.32184,14.1954,14.1954,620,17,637,620,637,0,0,0,620,0,0,17,1,6.93339,6.93339,14.2173,14.2173,751,30,781,751,781,0,0,0,751,0,0,30,1,7.80992,7.80992,14.2474,14.2474,875,28,903,875,903,0,0,0,875,0,0,28,1,8.91325,8.91325,14.2836,14.2836,995,28,1023,995,1023,0,0,0,995,0,0,28,1,10.2951,10.2951,14.3235,14.3235,1193,34,1227,1193,1227,0,0,0,1193,0,0,34,1,11.9999,11.9999,14.3704,14.3704,1267,40,1307,1267,1307,0,0,0,1267,0,0,40,1,14.1719,14.1719,14.4206,14.4206,1457,29,1486,1457,1486,0,0,0,1457,0,0,29,1,16.7865,16.7865,14.4769,14.4769,1577,49,1626,1577,1626,0,0,0,1577,0,0,49,1,19.9742,19.9742,14.5419,14.5419,1687,34,1721,1687,1721,0,0,0,1687,0,0,34,1,24.0666,24.0666,14.6082,14.6082,1836,53,1889,1836,1889,0,0,0,1836,0,0,53,1,28.9925,28.9925,14.6827,14.6827,2011,34,2045,2011,2045,0,0,0,2011,0,0,34,1,35.2168,35.2168,14.7623,14.7623,2127,45,2172,2127,2172,0,0,0,2127,0,0,45,1,42.6446,42.6446,14.8496,14.8496,2282,45,2327,2282,2327,0,0,0,2282,0,0,45,1,51.8017,51.8017,14.9369,14.9369,2427,31,2458,2427,2458,0,0,0,2427,0,0,31,1,63.3663,63.3663,15.0359,15.0359,2441,52,2493,2441,2493,0,0,0,2441,0,0,52,1,77.122,77.122,15.1444,15.1444,2696,45,2741,2696,2741,0,0,0,2696,0,0,45,1,95.154,95.154,15.2481,15.2481
0.708333,17,1020,67,2,69,67,69,0,0,0,67,0,0,2,1,5.4098,5.4098,13.7317,13.7317,210,8,218,210,218,0,0,0,210,0,0,8,1,5.57631,5.57631,13.7351,13.7351,352,15,367,352,367,0,0,0,352,0,0,15,1,5.87885,5.87885,13.7459,13.7459,494,16,510,494,510,0,0,0,494,0,0,16,1,6.33812,6.33812,13.7617,13.7617,620,17,637,620,637,0,0,0,620,0,0,17,1,6.95132,6.95132,13.7829,13.7829,749,32,781,749,781,0,0,0,749,0,0,32,1,7.82888,7.82888,13.812,13.812,872,31,903,872,903,0,0,0,872,0,0,31,1,8.93374,8.93374,13.847,13.847,993,30,1023,993,1023,0,0,0,993,0,0,30,1,10.3166,10.3166,13.8857,13.8857,1190,37,1227,1190,1227,0,0,0,1190,0,0,37,1,12.0215,12.0215,13.9311,13.9311,1265,42,1307,1265,1307,0,0,0,1265,0,0,42,1,14.1938,14.1938,13.9796,13.9796,1456,30,1486,1456,1486,0,0,0,1456,0,0,30,1,16.8085,16.8085,14.034,14.034,1575,51,1626,1575,1626,0,0,0,1575,0,0,51,1,19.9978,19.9978,14.0969,14.0969,1684,37,1721,1684,1721,0,0,0,1684,0,0,37,1,24.0903,24.0903,14.161,14.161,1833,56,1889,1833,1889,0,0,0,1833,0,0,56,1,29.0157,29.0157,14.233,14.233,2010,35,2045,2010,2045,0,0,0,2010,0,0,35,1,35.2391,35.2391,14.31,14.31,2126,46,2172,2126,2172,0,0,0,2126,0,0,46,1,42.6659,42.6659,14.3946,14.3946,2280,47,2327,2280,2327,0,0,0,2280,0,0,47,1,51.8229,51.8229,14.479,14.479,2424,34,2458,2424,2458,0,0,0,2424,0,0,34,1,63.3867,63.3867,14.5749,14.5749,2440,53,2493,2440,2493,0,0,0,2440,0,0,53,1,77.139,77.139,14.6799,14.6799,2695,46,2741,2695,2741,0,0,0,2695,0,0,46,1,95.1678,95.1678,14.7803,14.7803
0.75,18,1080,67,2,69,67,69,0,0,0,67,0,0,2,1,5.43094,5.43094,13.3132,13.3132,209,9,218,209,218,0,0,0,209,0,0,9,1,5.59599,5.59599,13.3163,13.3163,350,17,367,350,367,0,0,0,350,0,0,17,1,5.89856,5.89856,13.3267,13.3267,494,16,510,494,510,0,0,0,494,0,0,16,1,6.35774,6.35774,13.3419,13.3419,620,17,637,620,637,0,0,0,620,0,0,17,1,6.97116,6.97116,13.3624,13.3624,748,33,781,748,781,0,0,0,748,0,0,33,1,7.84944,7.84944,13.3905,13.3905,872,31,903,872,903,0,0,0,872,0,0,31,1,8.95568,8.95568,13.4243,13.4243,993,30,1023,993,1023,0,0,0,993,0,0,30,1,10.3408,10.3408,13.4618,13.4618,1187,40,1227,1187,1227,0,0,0,1187,0,0,40,1,12.0487,12.0487,13.5058,13.5058,1263,44,1307,1263,1307,0,0,0,1263,0,0,44,1,14.223,14.223,13.5527,13.5527,1453,34,1487,1453,1487,0,0,0,1453,0,0,34,1,16.838,16.838,13.6052,13.6052,1573,53,1626,1573,1626,0,0,0,1573,0,0,53,1,20.0302,20.0302,13.6661,13.6661,1681,40,1721,1681,1721,0,0,0,1681,0,0,40,1,24.1238,24.1238,13.7281,13.7281,1829,60,1889,1829,1889,0,0,0,1829,0,0,60,1,29.0498,29.0498,13.7977,13.7977,2006,39,2045,2006,2045,0,0,0,2006,0,0,39,1,35.2746,35.2746,13.8722,13.8722,2126,46,2172,2126,2172,0,0,0,2126,0,0,46,1,42.7005,42.7005,13.9541,13.9541,2275,52,2327,2275,2327,0,0,0,2275,0,0,52,1,51.857,51.857,14.0358,14.0358,2422,36,2458,2422,2458,0,0,0,2422,0,0,36,1,63.419,63.419,14.1285,14.1285,2440,54,2494,2440,2494,0,0,0,2440,0,0,54,1,77.1659,77.1659,14.2301,14.2301,2693,48,2741,2693,2741,0,0,0,2693,0,0,48,1,95.1898,95.1898,14.3274,14.3274
0.791667,19,1140,66,3,69,66,69,0,0,0,66,0,0,3,1,5.45662,5.45662,12.9086,12.9086,209,9,218,209,218,0,0,0,209,0,0,9,1,5.61603,5.61603,12.9108,12.9108,350,17,367,350,367,0,0,0,350,0,0,17,1,5.91901,5.91901,12.9209,12.9209,491,19,510,491,510,0,0,0,491,0,0,19,1,6.37968,6.37968,12.9355,12.9355,619,18,637,619,637,0,0,0,619,0,0,18,1,6.9923,6.9923,12.9552,12.9552,748,33,781,748,781,0,0,0,748,0,0,33,1,7.87225,7.87225,12.9824,12.9824,872,31,903,872,903,0,0,0,872,0,0,31,1,8.98006,8.98006,13.0151,13.0151,989,34,1023,989,1023,0,0,0,989,0,0,34,1,10.3685,10.3685,13.0514,13.0514,1185,42,1227,1185,1227,0,0,0,1185,0,0,42,1,12.0776,12.0776,13.0941,13.0941,1262,45,1307,1262,1307,0,0,0,1262,0,0,45,1,14.2532,14.2532,13.1393,13.1393,1452,35,1487,1452,1487,0,0,0,1452,0,0,35,1,16.8719,16.8719,13.1901,13.1901,1570,56,1626,1570,1626,0,0,0,1570,0,0,56,1,20.067,20.067,13.2491,13.2491,1678,43,1721,1678,1721,0,0,0,1678,0,0,43,1,24.164,24.164,13.3091,13.3091,1825,64,1889,1825,1889,0,0,0,1825,0,0,64,1,29.0919,29.0919,13.3764,13.3764,2002,43,2045,2002,2045,0,0,0,2002,0,0,43,1,35.3177,35.3177,13.4485,13.4485,2126,46,2172,2126,2172,0,0,0,2126,0,0,46,1,42.743,42.743,13.5277,13.5277,2273,54,2327,2273,2327,0,0,0,2273,0,0,54,1,51.9016,51.9016,13.6067,13.6067,2415,43,2458,2415,2458,0,0,0,2415,0,0,43,1,63.4639,63.4639,13.6965,13.6965,2438,56,2494,2438,2494,0,0,0,2438,0,0,56,1,77.2052,77.2052,13.7948,13.7948,2692,50,2742,2692,2742,0,0,0,2692,0,0,50,1,95.2198,95.2198,13.8889,13.8889
0.833333,20,1200,65,4,69,65,69,0,0,0,65,0,0,4,1,5.48529,5.48529,12.5168,12.5168,208,10,218,208,218,0,0,0,208,0,0,10,1,5.63901,5.63901,12.5182,12.5182,350,17,367,350,367,0,0,0,350,0,0,17,1,5.94201,5.94201,12.5279,12.5279,488,22,510,488,510,0,0,0,488,0,0,22,1,6.40317,6.40317,12.5421,12.5421,619,18,637,619,637,0,0,0,619,0,0,18,1,7.01473,7.01473,12.561,12.561,748,33,781,748,781,0,0,0,748,0,0,33,1,7.89588,7.89588,12.5873,12.5873,872,31,903,872,903,0,0,0,872,0,0,31,1,9.0055,9.0055,12.619,12.619,983,40,1023,983,1023,0,0,0,983,0,0,40,1,10.3972,10.3972,12.6542,12.6542,1183,44,1227,1183,1227,0,0,0,1183,0,0,44,1,12.1087,12.1087,12.6955,12.6955,1260,48,1308,1260,1308,0,0,0,1260,0,0,48,1,14.2859,14.2859,12.7392,12.7392,1450,36,1486,1450,1486,0,0,0,1450,0,0,36,1,16.9052,16.9052,12.7884,12.7884,1567,59,1626,1567,1626,0,0,0,1567,0,0,59,1,20.1011,20.1011,12.8454,12.8454,1675,46,1721,1675,1721,0,0,0,1675,0,0,46,1,24.1993,24.1993,12.9034,12.9034,1823,66,1889,1823,1889,0,0,0,1823,0,0,66,1,29.128,29.128,12.9685,12.9685,2000,45,2045,2000,2045,0,0,0,2000,0,0,45,1,35.3552,35.3552,13.0383,13.0383,2125,47,2172,2125,2172,0,0,0,2125,0,0,47,1,42.7816,42.7816,13.1149,13.1149,2269,58,2327,2269,2327,0,0,0,2269,0,0,58,1,51.9418,51.9418,13.1914,13.1914,2414,44,2458,2414,2458,0,0,0,2414,0,0,44,1,63.5024,63.5024,13.2783,13.2783,2433,61,2494,2433,2494,0,0,0,2433,0,0,61,1,77.2452,77.2452,13.3735,13.3735,2689,53,2742,2689,2742,0,0,0,2689,0,0,53,1,95.2495,95.2495,13.4645,13.4645
0.875,21,1260,65,4,69,65,69,0,0,0,65,0,0,4,1,5.50754,5.50754,12.1373,12.1373,208,10,218,208,218,0,0,0,208,0,0,10,1,5.66073,5.66073,12.1384,12.1384,349,18,367,349,367,0,0,0,349,0,0,18,1,5.96423,5.96423,12.1478,12.1478,488,22,510,488,510,0,0,0,488,0,0,22,1,6.42588,6.42588,12.1615,12.1615,617,20,637,617,637,0,0,0,617,0,0,20,1,7.03806,7.03806,12.1796,12.1796,745,36,781,745,781,0,0,0,745,0,0,36,1,7.92131,7.92131,12.2051,12.2051,869,34,903,869,903,0,0,0,869,0,0,34,1,9.03267,9.03267,12.2357,12.2357,980,43,1023,980,1023,0,0,0,980,0,0,43,1,10.4254,10.4254,12.2697,12.2697,1181,47,1228,1181,1228,0,0,0,1181,0,0,47,1,12.1369,12.1369,12.3097,12.3097,1256,52,1308,1256,1308,0,0,0,1256,0,0,52,1,14.3145,14.3145,12.3518,12.3518,1450,36,1486,1450,1486,0,0,0,1450,0,0,36,1,16.935,16.935,12.3993,12.3993,1564,62,1626,1564,1626,0,0,0,1564,0,0,62,1,20.1321,20.1321,12.4544,12.4544,1674,47,1721,1674,1721,0,0,0,1674,0,0,47,1,24.2313,24.2313,12.5105,12.5105,1822,67,1889,1822,1889,0,0,0,1822,0,0,67,1,29.1627,29.1627,12.5734,12.5734,1997,48,2045,1997,2045,0,0,0,1997,0,0,48,1,35.3925,35.3925,12.641,12.641,2125,48,2173,2125,2173,0,0,0,2125,0,0,48,1,42.8172,42.8172,12.7152,12.7152,2265,62,2327,2265,2327,0,0,0,2265,0,0,62,1,51.9824,51.9824,12.7893,12.7893,2409,50,2459,2409,2459,0,0,0,2409,0,0,50,1,63.5453,63.5453,12.8735,12.8735,2429,65,2494,2429,2494,0,0,0,2429,0,0,65,1,77.2852,77.2852,12.9655,12.9655,2687,56,2743,2687,2743,0,0,0,2687,0,0,56,1,95.2838,95.2838,13.0537,13.0537
0.916667,22,1320,65,4,69,65,69,0,0,0,65,0,0,4,1,5.53067,5.53067,11.7701,11.7701,208,10,218,208,218,0,0,0,208,0,0,10,1,5.68325,5.68325,11.7707,11.7707,348,19,367,348,367,0,0,0,348,0,0,19,1,5.98789,5.98789,11.7798,11.7798,486,24,510,486,510,0,0,0,486,0,0,24,1,6.4508,6.4508,11.7932,11.7932,616,21,637,616,637,0,0,0,616,0,0,21,1,7.06343,7.06343,11.8105,11.8105,745,36,781,745,781,0,0,0,745,0,0,36,1,7.94744,7.94744,11.8352,11.8352,866,37,903,866,903,0,0,0,866,0,0,37,1,9.06126,9.06126,11.8649,11.8649,976,47,1023,976,1023,0,0,0,976,0,0,47,1,10.456,10.456,11.8978,11.8978,1179,49,1228,1179,1228,0,0,0,1179,0,0,49,1,12.1671,12.1671,11.9364,11.9364,1255,53,1308,1255,1308,0,0,0,1255,0,0,53,1,14.3457,14.3457,11.977,11.977,1447,40,1487,1447,1487,0,0,0,1447,0,0,40,1,16.9684,16.9684,12.023,12.023,1564,62,1626,1564,1626,0,0,0,1564,0,0,62,1,20.1666,20.1666,12.0762,12.0762,1672,49,1721,1672,1721,0,0,0,1672,0,0,49,1,24.2669,24.2669,12.1304,12.1304,1817,72,1889,1817,1889,0,0,0,1817,0,0,72,1,29.1989,29.1989,12.1912,12.1912,1993,52,2045,1993,2045,0,0,0,1993,0,0,52,1,35.4303,35.4303,12.2567,12.2567,2125,49,2174,2125,2174,0,0,0,2125,0,0,49,1,42.8543,42.8543,12.3284,12.3284,2263,64,2327,2263,2327,0,0,0,2263,0,0,64,1,52.0164,52.0164,12.4,12.4,2408,51,2459,2408,2459,0,0,0,2408,0,0,51,1,63.5773,63.5773,12.4815,12.4815,2427,67,2494,2427,2494,0,0,0,2427,0,0,67,1,77.3158,77.3158,12.5707,12.5707,2684,60,2744,2684,2744,0,0,0,2684,0,0,60,1,95.3162,95.3162,12.6559,12.6559
0.958333,23,1380,64,5,69,64,69,0,0,0,64,0,0,5,1,5.55122,5.55122,11.4144,11.4144,208,10,218,208,218,0,0,0,208,0,0,10,1,5.69985,5.69985,11.4144,11.4144,348,19,367,348,367,0,0,0,348,0,0,19,1,6.00448,6.00448,11.4231,11.4231,486,24,510,486,510,0,0,0,486,0,0,24,1,6.46773,6.46773,11.4361,11.4361,616,21,637,616,637,0,0,0,616,0,0,21,1,7.08172,7.08172,11.4528,11.4528,745,36,781,745,781,0,0,0,745,0,0,36,1,7.96752,7.96752,11.4767,11.4767,865,38,903,865,903,0,0,0,865,0,0,38,1,9.084,9.084,11.5055,11.5055,975,48,1023,975,1023,0,0,0,975,0,0,48,1,10.4813,10.4813,11.5375,11.5375,1176,52,1228,1176,1228,0,0,0,1176,0,0,52,1,12.196,12.196,11.5749,11.5749,1249,59,1308,1249,1308,0,0,0,1249,0,0,59,1,14.3762,14.3762,11.6141,11.6141,1445,42,1487,1445,1487,0,0,0,1445,0,0,42,1,16.9989,16.9989,11.6585,11.6585,1563,63,1626,1563,1626,0,0,0,1563,0,0,63,1,20.1983,20.1983,11.7099,11.7099,1669,52,1721,1669,1721,0,0,0,1669,0,0,52,1,24.3001,24.3001,11.7623,11.7623,1813,76,1889,1813,1889,0,0,0,1813,0,0,76,1,29.2339,29.2339,11.8211,11.8211,1990,56,2046,1990,2046,0,0,0,1990,0,0,56,1,35.4695,35.4695,11.8844,11.8844,2121,53,2174,2121,2174,0,0,0,2121,0,0,53,1,42.8871,42.8871,11.9538,11.9538,2262,65,2327,2262,2327,0,0,0,2262,0,0,65,1,52.0478,52.0478,12.0231,12.0231,2406,54,2460,2406,2460,0,0,0,2406,0,0,54,1,63.6069,63.6069,12.1019,12.1019,2426,68,2494,2426,2494,0,0,0,2426,0,0,68,1,77.3402,77.3402,12.1882,12.1882,2682,62,2744,2682,2744,0,0,0,2682,0,0,62,1,95.3368,95.3368,12.2708,12.2708
1,24,1440,64,5,69,64,69,0,0,0,64,0,0,5,1,5.57298,5.57298,11.0696,11.0696,208,10,218,208,218,0,0,0,208,0,0,10,1,5.72448,5.72448,11.0695,11.0695,347,20,367,347,367,0,0,0,347,0,0,20,1,6.03036,6.03036,11.078,11.078,483,27,510,483,510,0,0,0,483,0,0,27,1,6.49318,6.49318,11.0905,11.0905,614,23,637,614,637,0,0,0,614,0,0,23,1,7.10831,7.10831,11.1067,11.1067,741,40,781,741,781,0,0,0,741,0,0,40,1,7.99334,7.99334,11.1297,11.1297,864,39,903,864,903,0,0,0,864,0,0,39,1,9.11043,9.11043,11.1575,11.1575,974,49,1023,974,1023,0,0,0,974,0,0,49,1,10.5081,10.5081,11.1884,11.1884,1175,53,1228,1175,1228,0,0,0,1175,0,0,53,1,12.2232,12.2232,11.2245,11.2245,1248,60,1308,1248,1308,0,0,0,1248,0,0,60,1,14.4039,14.4039,11.2624,11.2624,1443,44,1487,1443,1487,0,0,0,1443,0,0,44,1,17.0322,17.0322,11.3054,11.3054,1558,68,1626,1558,1626,0,0,0,1558,0,0,68,1,20.2353,20.2353,11.3553,11.3553,1663,58,1721,1663,1721,0,0,0,1663,0,0,58,1,24.3377,24.3377,11.4059,11.4059,1811,78,1889,1811,1889,0,0,0,1811,0,0,78,1,29.272,29.272,11.4628,11.4628,1987,59,2046,1987,2046,0,0,0,1987,0,0,59,1,35.5077,35.5077,11.524,11.524,2117,57,2174,2117,2174,0,0,0,2117,0,0,57,1,42.9254,42.9254,11.5912,11.5912,2261,66,2327,2261,2327,0,0,0,2261,0,0,66,1,52.0838,52.0838,11.6582,11.6582,2404,56,2460,2404,2460,0,0,0,2404,0,0,56,1,63.6407,63.6407,11.7345,11.7345,2424,71,2495,2424,2495,0,0,0,2424,0,0,71,1,77.3664,77.3664,11.818,11.818,2681,64,2745,2681,2745,0,0,0,2681,0,0,64,1,95.3657,95.3657,11.8978,11.8978
1.04167,25,1500,64,5,69,64,69,0,0,0,64,0,0,5,1,5.59211,5.59211,10.7358,10.7358,207,11,218,207,218,0,0,0,207,0,0,11,1,5.74497,5.74497,10.7357,10.7357,347,20,367,347,367,0,0,0,347,0,0,20,1,6.05091,6.05091,10.7439,10.7439,482,28,510,482,510,0,0,0,482,0,0,28,1,6.51446,6.51446,10.7559,10.7559,614,23,637,614,637,0,0,0,614,0,0,23,1,7.13104,7.13104,10.7716,10.7716,739,42,781,739,781,0,0,0,739,0,0,42,1,8.01861,8.01861,10.7938,10.7938,862,41,903,862,903,0,0,0,862,0,0,41,1,9.13851,9.13851,10.8207,10.8207,969,54,1023,969,1023,0,0,0,969,0,0,54,1,10.5383,10.5383,10.8506,10.8506,1175,53,1228,1175,1228,0,0,0,1175,0,0,53,1,12.2539,12.2539,10.8855,10.8855,1246,62,1308,1246,1308,0,0,0,1246,0,0,62,1,14.4372,14.4372,10.922,10.922,1439,48,1487,1439,1487,0,0,0,1439,0,0,48,1,17.0681,17.0681,10.9637,10.9637,1554,72,1626,1554,1626,0,0,0,1554,0,0,72,1,20.2722,20.2722,11.0118,11.0118,1660,61,1721,1660,1721,0,0,0,1660,0,0,61,1,24.3743,24.3743,11.0607,11.0607,1807,83,1890,1807,1890,0,0,0,1807,0,0,83,1,29.3086,29.3086,11.1156,11.1156,1985,61,2046,1985,2046,0,0,0,1985,0,0,61,1,35.5419,35.5419,11.1749,11.1749,2117,58,2175,2117,2175,0,0,0,2117,0,0,58,1,42.9561,42.9561,11.24,11.24,2259,68,2327,2259,2327,0,0,0,2259,0,0,68,1,52.1166,52.1166,11.3047,11.3047,2405,56,2461,2405,2461,0,0,0,2405,0,0,56,1,63.6692,63.6692,11.3785,11.3785,2420,75,2495,2420,2495,0,0,0,2420,0,0,75,1,77.3965,77.3965,11.4594,11.4594,2678,68,2746,2678,2746,0,0,0,2678,0,0,68,1,95.3973,95.3973,11.5366,11.5366
1.08333,26,1560,64,5,69,64,69,0,0,0,64,0,0,5,1,5.61088,5.61088,10.4123,10.4123,206,12,218,206,218,0,0,0,206,0,0,12,1,5.76471,5.76471,10.4122,10.4122,347,20,367,347,367,0,0,0,347,0,0,20,1,6.07023,6.07023,10.4201,10.4201,482,28,510,482,510,0,0,0,482,0,0,28,1,6.53445,6.53445,10.4318,10.4318,611,26,637,611,637,0,0,0,611,0,0,26,1,7.15176,7.15176,10.4469,10.4469,739,42,781,739,781,0,0,0,739,0,0,42,1,8.03984,8.03984,10.4684,10.4684,861,42,903,861,903,0,0,0,861,0,0,42,1,9.16134,9.16134,10.4944,10.4944,969,54,1023,969,1023,0,0,0,969,0,0,54,1,10.5631,10.5631,10.5234,10.5234,1171,57,1228,1171,1228,0,0,0,1171,0,0,57,1,12.2809,12.2809,10.5571,10.5571,1243,65,1308,1243,1308,0,0,0,1243,0,0,65,1,14.4667,14.4667,10.5925,10.5925,1434,53,1487,1434,1487,0,0,0,1434,0,0,53,1,17.0988,17.0988,10.6328,10.6328,1553,73,1626,1553,1626,0,0,0,1553,0,0,73,1,20.3038,20.3038,10.6794,10.6794,1657,64,1721,1657,1721,0,0,0,1657,0,0,64,1,24.4076,24.4076,10.7266,10.7266,1806,84,1890,1806,1890,0,0,0,1806,0,0,84,1,29.3435,29.3435,10.7797,10.7797,1980,66,2046,1980,2046,0,0,0,1980,0,0,66,1,35.5773,35.5773,10.837,10.837,2113,62,2175,2113,2175,0,0,0,2113,0,0,62,1,42.9914,42.9914,10.8999,10.8999,2258,69,2327,2258,2327,0,0,0,2258,0,0,69,1,52.1502,52.1502,10.9625,10.9625,2404,58,2462,2404,2462,0,0,0,2404,0,0,58,1,63.7065,63.7065,11.0339,11.0339,2419,77,2496,2419,2496,0,0,0,2419,0,0,77,1,77.4275,77.4275,11.1122,11.1122,2677,71,2748,2677,2748,0,0,0,2677,0,0,71,1,95.4292,95.4292,11.187,11.187
1.125,27,1620,63,6,69,63,69,0,0,0,63,0,0,6,1,5.63765,5.63765,10.0998,10.0998,205,13,218,205,218,0,0,0,205,0,0,13,1,5.78879,5.78879,10.0995,10.0995,347,20,367,347,367,0,0,0,347,0,0,20,1,6.09402,6.09402,10.107,10.107,480,30,510,480,510,0,0,0,480,0,0,30,1,6.55825,6.55825,10.1182,10.1182,608,29,637,608,637,0,0,0,608,0,0,29,1,7.17535,7.17535,10.1327,10.1327,737,44,781,737,781,0,0,0,737,0,0,44,1,8.06275,8.06275,10.1534,10.1534,861,42,903,861,903,0,0,0,861,0,0,42,1,9.18413,9.18413,10.1785,10.1785,967,56,1023,967,1023,0,0,0,967,0,0,56,1,10.5866,10.5866,10.2064,10.2064,1169,59,1228,1169,1228,0,0,0,1169,0,0,59,1,12.305,12.305,10.239,10.239,1244,65,1309,1244,1309,0,0,0,1244,0,0,65,1,14.4926,14.4926,10.2732,10.2732,1435,53,1488,1435,1488,0,0,0,1435,0,0,53,1,17.1263,17.1263,10.3121,10.3121,1551,76,1627,1551,1627,0,0,0,1551,0,0,76,1,20.3321,20.3321,10.3571,10.3571,1655,66,1721,1655,1721,0,0,0,1655,0,0,66,1,24.4398,24.4398,10.4028,10.4028,1803,87,1890,1803,1890,0,0,0,1803,0,0,87,1,29.3802,29.3802,10.4541,10.4541,1978,69,2047,1978,2047,0,0,0,1978,0,0,69,1,35.6101,35.6101,10.5096,10.5096,2114,62,2176,2114,2176,0,0,0,2114,0,0,62,1,43.0292,43.0292,10.5706,10.5706,2254,74,2328,2254,2328,0,0,0,2254,0,0,74,1,52.1861,52.1861,10.6311,10.6311,2404,59,2463,2404,2463,0,0,0,2404,0,0,59,1,63.7431,63.7431,10.7001,10.7001,2417,79,2496,2417,2496,0,0,0,2417,0,0,79,1,77.4586,77.4586,10.776,10.776,2673,75,2748,2673,2748,0,0,0,2673,0,0,75,1,95.4562,95.4562,10.8484,10.8484
1.16667,28,1680,63,6,69,63,69,0,0,0,63,0,0,6,1,5.64804,5.64804,9.79607,9.79607,205,13,218,205,218,0,0,0,205,0,0,13,1,5.79934,5.79934,9.79563,9.79563,347,20,367,347,367,0,0,0,347,0,0,20,1,6.10511,6.10511,9.80296,9.80296,480,30,510,480,510,0,0,0,480,0,0,30,1,6.56973,6.56973,9.81379,9.81379,608,29,637,608,637,0,0,0,608,0,0,29,1,7.18802,7.18802,9.8278,9.8278,735,46,781,735,781,0,0,0,735,0,0,46,1,8.07745,8.07745,9.84787,9.84787,858,45,903,858,903,0,0,0,858,0,0,45,1,9.20002,9.20002,9.87215,9.87215,966,57,1023,966,1023,0,0,0,966,0,0,57,1,10.602,10.602,9.89917,9.89917,1166,62,1228,1166,1228,0,0,0,1166,0,0,62,1,12.3216,12.3216,9.93072,9.93072,1243,66,1309,1243,1309,0,0,0,1243,0,0,66,1,14.51,14.51,9.96373,9.96373,1433,55,1488,1433,1488,0,0,0,1433,0,0,55,1,17.1435,17.1435,10.0014,10.0014,1551,76,1627,1551,1627,0,0,0,1551,0,0,76,1,20.3493,20.3493,10.0449,10.0449,1654,69,1723,1654,1723,0,0,0,1654,0,0,69,1,24.4554,24.4554,10.089,10.089,1802,88,1890,1802,1890,0,0,0,1802,0,0,88,1,29.3974,29.3974,10.1387,10.1387,1978,70,2048,1978,2048,0,0,0,1978,0,0,70,1,35.6242,35.6242,10.1923,10.1923,2113,64,2177,2113,2177,0,0,0,2113,0,0,64,1,43.0441,43.0441,10.2515,10.2515,2252,77,2329,2252,2329,0,0,0,2252,0,0,77,1,52.2025,52.2025,10.3101,10.3101,2403,60,2463,2403,2463,0,0,0,2403,0,0,60,1,63.7535,63.7535,10.3768,10.3768,2418,80,2498,2418,2498,0,0,0,2418,0,0,80,1,77.4703,77.4703,10.4503,10.4503,2673,76,2749,2673,2749,0,0,0,2673,0,0,76,1,95.4632,95.4632,10.5204,10.5204
1.20833,29,1740,63,6,69,63,69,0,0,0,63,0,0,6,1,5.66849,5.66849,9.50192,9.50192,204,14,218,204,218,0,0,0,204,0,0,14,1,5.82113,5.82113,9.50141,9.50141,345,22,367,345,367,0,0,0,345,0,0,22,1,6.12674,6.12674,9.50849,9.50849,479,31,510,479,510,0,0,0,479,0,0,31,1,6.59087,6.59087,9.5189,9.5189,607,30,637,607,637,0,0,0,607,0,0,30,1,7.20976,7.20976,9.5324,9.5324,735,46,781,735,781,0,0,0,735,0,0,46,1,8.0999,8.0999,9.55181,9.55181,858,45,903,858,903,0,0,0,858,0,0,45,1,9.22421,9.22421,9.5753,9.5753,963,60,1023,963,1023,0,0,0,963,0,0,60,1,10.628,10.628,9.60145,9.60145,1165,63,1228,1165,1228,0,0,0,1165,0,0,63,1,12.3502,12.3502,9.63203,9.63203,1240,69,1309,1240,1309,0,0,0,1240,0,0,69,1,14.5408,14.5408,9.66391,9.66391,1432,56,1488,1432,1488,0,0,0,1432,0,0,56,1,17.1753,17.1753,9.7003,9.7003,1547,80,1627,1547,1627,0,0,0,1547,0,0,80,1,20.3834,20.3834,9.74236,9.74236,1652,73,1725,1652,1725,0,0,0,1652,0,0,73,1,24.49,24.49,9.78511,9.78511,1800,90,1890,1800,1890,0,0,0,1800,0,0,90,1,29.4343,29.4343,9.83311,9.83311,1976,72,2048,1976,2048,0,0,0,1976,0,0,72,1,35.662,35.662,9.88502,9.88502,2110,67,2177,2110,2177,0,0,0,2110,0,0,67,1,43.0837,43.0837,9.94228,9.94228,2245,85,2330,2245,2330,0,0,0,2245,0,0,85,1,52.2458,52.2458,9.99904,9.99904,2406,61,2467,2406,2467,0,0,0,2406,0,0,61,1,63.7905,63.7905,10.0636,10.0636,2417,82,2499,2417,2499,0,0,0,2417,0,0,82,1,77.4998,77.4998,10.1348,10.1348,2672,78,2750,2672,2750,0,0,0,2672,0,0,78,1,95.485,95.485,10.2026,10.2026
1.25,30,1800,63,6,69,63,69,0,0,0,63,0,0,6,1,5.68686,5.68686,9.21686,9.21686,204,14,218,204,218,0,0,0,204,0,0,14,1,5.84075,5.84075,9.21638,9.21638,345,22,367,345,367,0,0,0,345,0,0,22,1,6.14673,6.14673,9.22319,9.22319,478,32,510,478,510,0,0,0,478,0,0,32,1,6.61173,6.61173,9.23323,9.23323,606,31,637,606,637,0,0,0,606,0,0,31,1,7.23259,7.23259,9.24633,9.24633,734,47,781,734,781,0,0,0,734,0,0,47,1,8.12456,8.12456,9.26515,9.26515,857,46,903,857,903,0,0,0,857,0,0,46,1,9.25057,9.25057,9.28791,9.28791,959,64,1023,959,1023,0,0,0,959,0,0,64,1,10.6569,10.6569,9.31324,9.31324,1159,69,1228,1159,1228,0,0,0,1159,0,0,69,1,12.3805,12.3805,9.34285,9.34285,1238,73,1311,1238,1311,0,0,0,1238,0,0,73,1,14.5705,14.5705,9.3736,9.3736,1429,59,1488,1429,1488,0,0,0,1429,0,0,59,1,17.206,17.206,9.40879,9.40879,1545,83,1628,1545,1628,0,0,0,1545,0,0,83,1,20.4157,20.4157,9.44945,9.44945,1649,76,1725,1649,1725,0,0,0,1649,0,0,76,1,24.5201,24.5201,9.49077,9.49077,1798,92,1890,1798,1890,0,0,0,1798,0,0,92,1,29.4646,29.4646,9.53719,9.53719,1976,72,2048,1976,2048,0,0,0,1976,0,0,72,1,35.6921,35.6921,9.58741,9.58741,2108,70,2178,2108,2178,0,0,0,2108,0,0,70,1,43.1146,43.1146,9.64282,9.64282,2243,88,2331,2243,2331,0,0,0,2243,0,0,88,1,52.2749,52.2749,9.69772,9.69772,2404,63,2467,2404,2467,0,0,0,2404,0,0,63,1,63.8172,63.8172,9.76023,9.76023,2414,85,2499,2414,2499,0,0,0,2414,0,0,85,1,77.523,77.523,9.8292,9.8292,2671,80,2751,2671,2751,0,0,0,2671,0,0,80,1,95.5115,95.5115,9.89481,9.89481
1.29167,31,1860,63,6,69,63,69,0,0,0,63,0,0,6,1,5.70677,5.70677,8.94075,8.94075,204,14,218,204,218,0,0,0,204,0,0,14,1,5.86252,5.86252,8.94026,8.94026,344,23,367,344,367,0,0,0,344,0,0,23,1,6.16977,6.16977,8.94689,8.94689,477,33,510,477,510,0,0,0,477,0,0,33,1,6.63579,6.63579,8.95666,8.95666,605,32,637,605,637,0,0,0,605,0,0,32,1,7.25869,7.25869,8.96941,8.96941,730,51,781,730,781,0,0,0,730,0,0,51,1,8.1526,8.1526,8.98766,8.98766,856,47,903,856,903,0,0,0,856,0,0,47,1,9.2787,9.2787,9.00963,9.00963,956,67,1023,956,1023,0,0,0,956,0,0,67,1,10.6864,10.6864,9.03415,9.03415,1157,72,1229,1157,1229,0,0,0,1157,0,0,72,1,12.4097,12.4097,9.06279,9.06279,1235,76,1311,1235,1311,0,0,0,1235,0,0,76,1,14.602,14.602,9.0925,9.0925,1429,62,1491,1429,1491,0,0,0,1429,0,0,62,1,17.2397,17.2397,9.12655,9.12655,1544,85,1629,1544,1629,0,0,0,1544,0,0,85,1,20.4482,20.4482,9.16583,9.16583,1647,80,1727,1647,1727,0,0,0,1647,0,0,80,1,24.5521,24.5521,9.20572,9.20572,1798,95,1893,1798,1893,0,0,0,1798,0,0,95,1,29.4915,29.4915,9.2506,9.2506,1974,74,2048,1974,2048,0,0,0,1974,0,0,74,1,35.7208,35.7208,9.29914,9.29914,2109,72,2181,2109,2181,0,0,0,2109,0,0,72,1,43.1397,43.1397,9.35274,9.35274,2238,93,2331,2238,2331,0,0,0,2238,0,0,93,1,52.3059,52.3059,9.40591,9.40591,2402,66,2468,2402,2468,0,0,0,2402,0,0,66,1,63.8481,63.8481,9.46642,9.46642,2413,88,2501,2413,2501,0,0,0,2413,0,0,88,1,77.5407,77.5407,9.53326,9.53326,2674,80,2754,2674,2754,0,0,0,2674,0,0,80,1,95.5271,95.5271,9.59679,9.59679
1.33333,32,1920,63,6,69,63,69,0,0,0,63,0,0,6,1,5.72426,5.72426,8.6735,8.6735,204,14,218,204,218,0,0,0,204,0,0,14,1,5.88028,5.88028,8.67299,8.67299,344,23,367,344,367,0,0,0,344,0,0,23,1,6.1883,6.1883,8.67945,8.67945,476,34,510,476,510,0,0,0,476,0,0,34,1,6.6555,6.6555,8.68892,8.68892,604,33,637,604,637,0,0,0,604,0,0,33,1,7.27982,7.27982,8.70128,8.70128,727,54,781,727,781,0,0,0,727,0,0,54,1,8.17422,8.17422,8.7189,8.7189,853,50,903,853,903,0,0,0,853,0,0,50,1,9.30259,9.30259,8.74017,8.74017,955,68,1023,955,1023,0,0,0,955,0,0,68,1,10.7102,10.7102,8.76384,8.76384,1155,74,1229,1155,1229,0,0,0,1155,0,0,74,1,12.4329,12.4329,8.79149,8.79149,1233,79,1312,1233,1312,0,0,0,1233,0,0,79,1,14.627,14.627,8.82019,8.82019,1428,63,1491,1428,1491,0,0,0,1428,0,0,63,1,17.2648,17.2648,8.85309,8.85309,1544,88,1632,1544,1632,0,0,0,1544,0,0,88,1,20.4729,20.4729,8.89107,8.89107,1646,83,1729,1646,1729,0,0,0,1646,0,0,83,1,24.5796,24.5796,8.92965,8.92965,1795,98,1893,1795,1893,0,0,0,1795,0,0,98,1,29.5174,29.5174,8.97301,8.97301,1975,75,2050,1975,2050,0,0,0,1975,0,0,75,1,35.7424,35.7424,9.01988,9.01988,2107,75,2182,2107,2182,0,0,0,2107,0,0,75,1,43.1602,43.1602,9.07181,9.07181,2241,93,2334,2241,2334,0,0,0,2241,0,0,93,1,52.3169,52.3169,9.12323,9.12323,2404,67,2471,2404,2471,0,0,0,2404,0,0,67,1,63.861,63.861,9.18182,9.18182,2417,88,2505,2417,2505,0,0,0,2417,0,0,88,1,77.5642,77.5642,9.2464,9.2464,2676,80,2756,2676,2756,0,0,0,2676,0,0,80,1,95.5383,95.5383,9.30791,9.30791
1.375,33,1980,63,6,69,63,69,0,0,0,63,0,0,6,1,5.73818,5.73818,8.41443,8.41443,204,14,218,204,218,0,0,0,204,0,0,14,1,5.89398,5.89398,8.41396,8.41396,342,25,367,342,367,0,0,0,342,0,0,25,1,6.2027,6.2027,8.42022,8.42022,475,35,510,475,510,0,0,0,475,0,0,35,1,6.67,6.67,8.42934,8.42934,603,34,637,603,637,0,0,0,603,0,0,34,1,7.29401,7.29401,8.44128,8.44128,726,55,781,726,781,0,0,0,726,0,0,55,1,8.18819,8.18819,8.45826,8.45826,852,51,903,852,903,0,0,0,852,0,0,51,1,9.31678,9.31678,8.47882,8.47882,952,71,1023,952,1023,0,0,0,952,0,0,71,1,10.7253,10.7253,8.50169,8.50169,1154,75,1229,1154,1229,0,0,0,1154,0,0,75,1,12.4475,12.4475,8.52839,8.52839,1233,79,1312,1233,1312,0,0,0,1233,0,0,79,1,14.6413,14.6413,8.55608,8.55608,1428,65,1493,1428,1493,0,0,0,1428,0,0,65,1,17.2803,17.2803,8.58785,8.58785,1541,92,1633,1541,1633,0,0,0,1541,0,0,92,1,20.4864,20.4864,8.62459,8.62459,1648,83,1731,1648,1731,0,0,0,1648,0,0,83,1,24.5972,24.5972,8.66186,8.66186,1794,100,1894,1794,1894,0,0,0,1794,0,0,100,1,29.5352,29.5352,8.7039,8.7039,1973,79,2052,1973,2052,0,0,0,1973,0,0,79,1,35.7574,35.7574,8.74916,8.74916,2108,75,2183,2108,2183,0,0,0,2108,0,0,75,1,43.1772,43.1772,8.79952,8.79952,2242,95,2337,2242,2337,0,0,0,2242,0,0,95,1,52.323,52.323,8.84923,8.84923,2405,68,2473,2405,2473,0,0,0,2405,0,0,68,1,63.8775,63.8775,8.90595,8.90595,2416,92,2508,2416,2508,0,0,0,2416,0,0,92,1,77.5818,77.5818,8.9685,8.9685,2675,82,2757,2675,2757,0,0,0,2675,0,0,82,1,95.5486,95.5486,9.02813,9.02813
1.41667,34,2040,63,6,69,63,69,0,0,0,63,0,0,6,1,5.75833,5.75833,8.16326,8.16326,204,14,218,204,218,0,0,0,204,0,0,14,1,5.91424,5.91424,8.16276,8.16276,340,27,367,340,367,0,0,0,340,0,0,27,1,6.22429,6.22429,8.16887,8.16887,474,36,510,474,510,0,0,0,474,0,0,36,1,6.69136,6.69136,8.17766,8.17766,602,35,637,602,637,0,0,0,602,0,0,35,1,7.31538,7.31538,8.18916,8.18916,724,57,781,724,781,0,0,0,724,0,0,57,1,8.21019,8.21019,8.20556,8.20556,850,53,903,850,903,0,0,0,850,0,0,53,1,9.33911,9.33911,8.22539,8.22539,949,73,1022,949,1022,0,0,0,949,0,0,73,1,10.7482,10.7482,8.24751,8.24751,1155,74,1229,1155,1229,0,0,0,1155,0,0,74,1,12.4691,12.4691,8.27326,8.27326,1234,81,1315,1234,1315,0,0,0,1234,0,0,81,1,14.6645,14.6645,8.30008,8.30008,1427,66,1493,1427,1493,0,0,0,1427,0,0,66,1,17.3071,17.3071,8.3308,8.3308,1539,96,1635,1539,1635,0,0,0,1539,0,0,96,1,20.5158,20.5158,8.36634,8.36634,1646,87,1733,1646,1733,0,0,0,1646,0,0,87,1,24.6319,24.6319,8.40249,8.40249,1790,105,1895,1790,1895,0,0,0,1790,0,0,105,1,29.5641,29.5641,8.44305,8.44305,1972,82,2054,1972,2054,0,0,0,1972,0,0,82,1,35.7899,35.7899,8.48694,8.48694,2105,78,2183,2105,2183,0,0,0,2105,0,0,78,1,43.2054,43.2054,8.53562,8.53562,2246,95,2341,2246,2341,0,0,0,2246,0,0,95,1,52.3485,52.3485,8.58373,8.58373,2404,71,2475,2404,2475,0,0,0,2404,0,0,71,1,63.9013,63.9013,8.63871,8.63871,2418,95,2513,2418,2513,0,0,0,2418,0,0,95,1,77.6071,77.6071,8.6993,8.6993,2672,85,2757,2672,2757,0,0,0,2672,0,0,85,1,95.568,95.568,8.75699,8.75699
1.45833,35,2100,63,6,69,63,69,0,0,0,63,0,0,6,1,5.77786,5.77786,7.91994,7.91994,204,14,218,204,218,0,0,0,204,0,0,14,1,5.93384,5.93384,7.91933,7.91933,338,29,367,338,367,0,0,0,338,0,0,29,1,6.24429,6.24429,7.92522,7.92522,474,36,510,474,510,0,0,0,474,0,0,36,1,6.7117,6.7117,7.93372,7.93372,602,35,637,602,637,0,0,0,602,0,0,35,1,7.33624,7.33624,7.94478,7.94478,724,57,781,724,781,0,0,0,724,0,0,57,1,8.23285,8.23285,7.96065,7.96065,849,54,903,849,903,0,0,0,849,0,0,54,1,9.36364,9.36364,7.97985,7.97985,947,75,1022,947,1022,0,0,0,947,0,0,75,1,10.7753,10.7753,8.00128,8.00128,1155,75,1230,1155,1230,0,0,0,1155,0,0,75,1,12.4996,12.4996,8.02624,8.02624,1231,84,1315,1231,1315,0,0,0,1231,0,0,84,1,14.6968,14.6968,8.05217,8.05217,1420,74,1494,1420,1494,0,0,0,1420,0,0,74,1,17.3437,17.3437,8.08191,8.08191,1540,98,1638,1540,1638,0,0,0,1540,0,0,98,1,20.5502,20.5502,8.11626,8.11626,1643,92,1735,1643,1735,0,0,0,1643,0,0,92,1,24.6634,24.6634,8.15124,8.15124,1791,106,1897,1791,1897,0,0,0,1791,0,0,106,1,29.5976,29.5976,8.19043,8.19043,1970,87,2057,1970,2057,0,0,0,1970,0,0,87,1,35.8191,35.8191,8.23283,8.23283,2102,82,2184,2102,2184,0,0,0,2102,0,0,82,1,43.2368,43.2368,8.27994,8.27994,2246,97,2343,2246,2343,0,0,0,2246,0,0,97,1,52.3759,52.3759,8.32654,8.32654,2403,73,2476,2403,2476,0,0,0,2403,0,0,73,1,63.928,63.928,8.37967,8.37967,2418,98,2516,2418,2516,0,0,0,2418,0,0,98,1,77.6249,77.6249,8.43829,8.43829,2673,85,2758,2673,2758,0,0,0,2673,0,0,85,1,95.58,95.58,8.49422,8.49422
1.5,36,2160,63,6,69,63,69,0,0,0,63,0,0,6,1,5.78604,5.78604,7.68385,7.68385,204,14,218,204,218,0,0,0,204,0,0,14,1,5.9432,5.9432,7.68323,7.68323,337,30,367,337,367,0,0,0,337,0,0,30,1,6.25378,6.25378,7.68892,7.68892,474,36,510,474,510,0,0,0,474,0,0,36,1,6.72082,6.72082,7.69712,7.69712,602,35,637,602,637,0,0,0,602,0,0,35,1,7.34584,7.34584,7.7078,7.7078,724,57,781,724,781,0,0,0,724,0,0,57,1,8.24353,8.24353,7.72316,7.72316,848,55,903,848,903,0,0,0,848,0,0,55,1,9.37428,9.37428,7.74172,7.74172,946,76,1022,946,1022,0,0,0,946,0,0,76,1,10.7874,10.7874,7.76249,7.76249,1153,77,1230,1153,1230,0,0,0,1153,0,0,77,1,12.5127,12.5127,7.78665,7.78665,1229,86,1315,1229,1315,0,0,0,1229,0,0,86,1,14.7108,14.7108,7.81171,7.81171,1422,76,1498,1422,1498,0,0,0,1422,0,0,76,1,17.3583,17.3583,7.84052,7.84052,1540,100,1640,1540,1640,0,0,0,1540,0,0,100,1,20.5633,20.5633,7.87366,7.87366,1642,94,1736,1642,1736,0,0,0,1642,0,0,94,1,24.6804,24.6804,7.90758,7.90758,1790,110,1900,1790,1900,0,0,0,1790,0,0,110,1,29.6168,29.6168,7.94552,7.94552,1970,90,2060,1970,2060,0,0,0,1970,0,0,90,1,35.8407,35.8407,7.98654,7.98654,2100,87,2187,2100,2187,0,0,0,2100,0,0,87,1,43.2508,43.2508,8.03218,8.03218,2248,99,2347,2248,2347,0,0,0,2248,0,0,99,1,52.3911,52.3911,8.07723,8.07723,2404,74,2478,2404,2478,0,0,0,2404,0,0,74,1,63.9291,63.9291,8.12866,8.12866,2421,100,2521,2421,2521,0,0,0,2421,0,0,100,1,77.6183,77.6183,8.18552,8.18552,2676,85,2761,2676,2761,0,0,0,2676,0,0,85,1,95.5813,95.5813,8.23962,8.23962
1.54167,37,2220,63,6,69,63,69,0,0,0,63,0,0,6,1,5.80209,5.80209,7.45483,7.45483,204,14,218,204,218,0,0,0,204,0,0,14,1,5.96121,5.96121,7.45415,7.45415,337,30,367,337,367,0,0,0,337,0,0,30,1,6.27269,6.27269,7.45969,7.45969,473,37,510,473,510,0,0,0,473,0,0,37,1,6.74102,6.74102,7.46769,7.46769,601,36,637,601,637,0,0,0,601,0,0,36,1,7.36769,7.36769,7.47802,7.47802,720,61,781,720,781,0,0,0,720,0,0,61,1,8.2669,8.2669,7.49295,7.49295,845,58,903,845,903,0,0,0,845,0,0,58,1,9.39897,9.39897,7.51091,7.51091,945,77,1022,945,1022,0,0,0,945,0,0,77,1,10.8116,10.8116,7.531,7.531,1149,81,1230,1149,1230,0,0,0,1149,0,0,81,1,12.5373,12.5373,7.55439,7.55439,1230,88,1318,1230,1318,0,0,0,1230,0,0,88,1,14.7381,14.7381,7.57864,7.57864,1419,79,1498,1419,1498,0,0,0,1419,0,0,79,1,17.3838,17.3838,7.60651,7.60651,1540,103,1643,1540,1643,0,0,0,1540,0,0,103,1,20.5911,20.5911,7.6386,7.6386,1639,101,1740,1639,1740,0,0,0,1639,0,0,101,1,24.7081,24.7081,7.67147,7.67147,1791,114,1905,1791,1905,0,0,0,1791,0,0,114,1,29.6474,29.6474,7.70822,7.70822,1969,92,2061,1969,2061,0,0,0,1969,0,0,92,1,35.8626,35.8626,7.74782,7.74782,2101,90,2191,2101,2191,0,0,0,2101,0,0,90,1,43.2651,43.2651,7.79196,7.79196,2250,102,2352,2250,2352,0,0,0,2250,0,0,102,1,52.4154,52.4154,7.83555,7.83555,2405,74,2479,2405,2479,0,0,0,2405,0,0,74,1,63.9407,63.9407,7.88542,7.88542,2419,103,2522,2419,2522,0,0,0,2419,0,0,103,1,77.6281,77.6281,7.9404,7.9404,2674,88,2762,2674,2762,0,0,0,2674,0,0,88,1,95.5883,95.5883,7.99289,7.99289
1.58333,38,2280,63,6,69,63,69,0,0,0,63,0,0,6,1,5.82275,5.82275,7.23339,7.23339,203,15,218,203,218,0,0,0,203,0,0,15,1,5.98071,5.98071,7.2326,7.2326,335,32,367,335,367,0,0,0,335,0,0,32,1,6.29198,6.29198,7.23793,7.23793,473,37,510,473,510,0,0,0,473,0,0,37,1,6.759,6.759,7.24561,7.24561,600,37,637,600,637,0,0,0,600,0,0,37,1,7.38572,7.38572,7.25556,7.25556,719,62,781,719,781,0,0,0,719,0,0,62,1,8.28526,8.28526,7.27,7.27,845,58,903,845,903,0,0,0,845,0,0,58,1,9.41761,9.41761,7.28735,7.28735,942,80,1022,942,1022,0,0,0,942,0,0,80,1,10.8315,10.8315,7.3068,7.3068,1148,83,1231,1148,1231,0,0,0,1148,0,0,83,1,12.5571,12.5571,7.32942,7.32942,1228,91,1319,1228,1319,0,0,0,1228,0,0,91,1,14.7577,14.7577,7.35285,7.35285,1420,81,1501,1420,1501,0,0,0,1420,0,0,81,1,17.3999,17.3999,7.37974,7.37974,1540,106,1646,1540,1646,0,0,0,1540,0,0,106,1,20.6095,20.6095,7.41082,7.41082,1641,101,1742,1641,1742,0,0,0,1641,0,0,101,1,24.7249,24.7249,7.44257,7.44257,1791,117,1908,1791,1908,0,0,0,1791,0,0,117,1,29.6613,29.6613,7.47819,7.47819,1971,96,2067,1971,2067,0,0,0,1971,0,0,96,1,35.8824,35.8824,7.5164,7.5164,2101,93,2194,2101,2194,0,0,0,2101,0,0,93,1,43.2748,43.2748,7.5592,7.5592,2253,103,2356,2253,2356,0,0,0,2253,0,0,103,1,52.4298,52.4298,7.60142,7.60142,2407,77,2484,2407,2484,0,0,0,2407,0,0,77,1,63.9434,63.9434,7.64963,7.64963,2423,105,2528,2423,2528,0,0,0,2423,0,0,105,1,77.6281,77.6281,7.70278,7.70278,2677,89,2766,2677,2766,0,0,0,2677,0,0,89,1,95.6059,95.6059,7.75373,7.75373
1.625,39,2340,63,6,69,63,69,0,0,0,63,0,0,6,1,5.84057,5.84057,7.01857,7.01857,203,15,218,203,218,0,0,0,203,0,0,15,1,5.99711,5.99711,7.01766,7.01766,335,32,367,335,367,0,0,0,335,0,0,32,1,6.30936,6.30936,7.02284,7.02284,471,39,510,471,510,0,0,0,471,0,0,39,1,6.77823,6.77823,7.03031,7.03031,600,37,637,600,637,0,0,0,600,0,0,37,1,7.40506,7.40506,7.03989,7.03989,717,64,781,717,781,0,0,0,717,0,0,64,1,8.30687,8.30687,7.0539,7.0539,842,61,903,842,903,0,0,0,842,0,0,61,1,9.43947,9.43947,7.07065,7.07065,938,84,1022,938,1022,0,0,0,938,0,0,84,1,10.8555,10.8555,7.08949,7.08949,1148,85,1233,1148,1233,0,0,0,1148,0,0,85,1,12.5827,12.5827,7.11141,7.11141,1230,93,1323,1230,1323,0,0,0,1230,0,0,93,1,14.7798,14.7798,7.13392,7.13392,1417,87,1504,1417,1504,0,0,0,1417,0,0,87,1,17.4247,17.4247,7.15994,7.15994,1542,109,1651,1542,1651,0,0,0,1542,0,0,109,1,20.6326,20.6326,7.18998,7.18998,1637,108,1745,1637,1745,0,0,0,1637,0,0,108,1,24.7495,24.7495,7.22073,7.22073,1797,119,1916,1797,1916,0,0,0,1797,0,0,119,1,29.6825,29.6825,7.25515,7.25515,1970,100,2070,1970,2070,0,0,0,1970,0,0,100,1,35.9002,35.9002,7.29213,7.29213,2105,96,2201,2105,2201,0,0,0,2105,0,0,96,1,43.2899,43.2899,7.33355,7.33355,2258,103,2361,2258,2361,0,0,0,2258,0,0,103,1,52.4585,52.4585,7.37438,7.37438,2415,78,2493,2415,2493,0,0,0,2415,0,0,78,1,63.959,63.959,7.42103,7.42103,2424,110,2534,2424,2534,0,0,0,2424,0,0,110,1,77.6479,77.6479,7.47254,7.47254,2682,92,2774,2682,2774,0,0,0,2682,0,0,92,1,95.615,95.615,7.52198,7.52198
1.66667,40,2400,63,6,69,63,69,0,0,0,63,0,0,6,1,5.85647,5.85647,6.81029,6.81029,202,16,218,202,218,0,0,0,202,0,0,16,1,6.01306,6.01306,6.80934,6.80934,335,32,367,335,367,0,0,0,335,0,0,32,1,6.32469,6.32469,6.81432,6.81432,471,39,510,471,510,0,0,0,471,0,0,39,1,6.79414,6.79414,6.82156,6.82156,598,39,637,598,637,0,0,0,598,0,0,39,1,7.42121,7.42121,6.83081,6.83081,716,65,781,716,781,0,0,0,716,0,0,65,1,8.32356,8.32356,6.84438,6.84438,841,62,903,841,903,0,0,0,841,0,0,62,1,9.45653,9.45653,6.86056,6.86056,935,87,1022,935,1022,0,0,0,935,0,0,87,1,10.8731,10.8731,6.8788,6.8788,1151,85,1236,1151,1236,0,0,0,1151,0,0,85,1,12.5999,12.5999,6.89999,6.89999,1233,95,1328,1233,1328,0,0,0,1233,0,0,95,1,14.7963,14.7963,6.92179,6.92179,1413,94,1507,1413,1507,0,0,0,1413,0,0,94,1,17.4431,17.4431,6.9469,6.9469,1541,113,1654,1541,1654,0,0,0,1541,0,0,113,1,20.6512,20.6512,6.97599,6.97599,1642,110,1752,1642,1752,0,0,0,1642,0,0,110,1,24.7647,24.7647,7.00556,7.00556,1799,122,1921,1799,1921,0,0,0,1799,0,0,122,1,29.6988,29.6988,7.03894,7.03894,1976,101,2077,1976,2077,0,0,0,1976,0,0,101,1,35.9134,35.9134,7.07471,7.07471,2105,100,2205,2105,2205,0,0,0,2105,0,0,100,1,43.3109,43.3109,7.1148,7.1148,2263,105,2368,2263,2368,0,0,0,2263,0,0,105,1,52.4819,52.4819,7.15442,7.15442,2417,83,2500,2417,2500,0,0,0,2417,0,0,83,1,63.9919,63.9919,7.19946,7.19946,2425,115,2540,2425,2540,0,0,0,2425,0,0,115,1,77.6494,77.6494,7.24951,7.24951,2681,95,2776,2681,2776,0,0,0,2681,0,0,95,1,95.6217,95.6217,7.29727,7.29727
1.70833,41,2460,63,6,69,63,69,0,0,0,63,0,0,6,1,5.87315,5.87315,6.60862,6.60862,201,17,218,201,218,0,0,0,201,0,0,17,1,6.03034,6.03034,6.60758,6.60758,334,33,367,334,367,0,0,0,334,0,0,33,1,6.34121,6.34121,6.61236,6.61236,470,40,510,470,510,0,0,0,470,0,0,40,1,6.81011,6.81011,6.61932,6.61932,597,40,637,597,637,0,0,0,597,0,0,40,1,7.43758,7.43758,6.62823,6.62823,714,67,781,714,781,0,0,0,714,0,0,67,1,8.33807,8.33807,6.64128,6.64128,840,63,903,840,903,0,0,0,840,0,0,63,1,9.4715,9.4715,6.65689,6.65689,933,89,1022,933,1022,0,0,0,933,0,0,89,1,10.8884,10.8884,6.67451,6.67451,1152,89,1241,1152,1241,0,0,0,1152,0,0,89,1,12.6164,12.6164,6.69501,6.69501,1236,96,1332,1236,1332,0,0,0,1236,0,0,96,1,14.8107,14.8107,6.71604,6.71604,1413,96,1509,1413,1509,0,0,0,1413,0,0,96,1,17.4562,17.4562,6.74028,6.74028,1547,114,1661,1547,1661,0,0,0,1547,0,0,114,1,20.6614,20.6614,6.76838,6.76838,1638,114,1752,1638,1752,0,0,0,1638,0,0,114,1,24.7767,24.7767,6.79698,6.79698,1800,125,1925,1800,1925,0,0,0,1800,0,0,125,1,29.7072,29.7072,6.82925,6.82925,1977,104,2081,1977,2081,0,0,0,1977,0,0,104,1,35.9237,35.9237,6.86384,6.86384,2112,100,2212,2112,2212,0,0,0,2112,0,0,100,1,43.3251,43.3251,6.90269,6.90269,2267,109,2376,2267,2376,0,0,0,2267,0,0,109,1,52.5035,52.5035,6.9411,6.9411,2421,87,2508,2421,2508,0,0,0,2421,0,0,87,1,64.0024,64.0024,6.98481,6.98481,2435,118,2553,2435,2553,0,0,0,2435,0,0,118,1,77.6524,77.6524,7.03329,7.03329,2684,99,2783,2684,2783,0,0,0,2684,0,0,99,1,95.6443,95.6443,7.07959,7.07959
1.75,42,2520,63,6,69,63,69,0,0,0,63,0,0,6,1,5.87741,5.87741,6.41267,6.41267,201,17,218,201,218,0,0,0,201,0,0,17,1,6.03552,6.03552,6.41157,6.41157,334,33,367,334,367,0,0,0,334,0,0,33,1,6.34647,6.34647,6.41619,6.41619,470,40,510,470,510,0,0,0,470,0,0,40,1,6.81501,6.81501,6.42295,6.42295,597,40,637,597,637,0,0,0,597,0,0,40,1,7.4438,7.4438,6.43156,6.43156,711,70,781,711,781,0,0,0,711,0,0,70,1,8.34424,8.34424,6.44419,6.44419,838,65,903,838,903,0,0,0,838,0,0,65,1,9.4785,9.4785,6.45931,6.45931,933,90,1023,933,1023,0,0,0,933,0,0,90,1,10.8957,10.8957,6.47638,6.47638,1155,90,1245,1155,1245,0,0,0,1155,0,0,90,1,12.6197,12.6197,6.49613,6.49613,1237,100,1337,1237,1337,0,0,0,1237,0,0,100,1,14.8139,14.8139,6.51651,6.51651,1415,100,1515,1415,1515,0,0,0,1415,0,0,100,1,17.4552,17.4552,6.53984,6.53984,1553,116,1669,1553,1669,0,0,0,1553,0,0,116,1,20.6531,20.6531,6.56694,6.56694,1647,116,1763,1647,1763,0,0,0,1647,0,0,116,1,24.7619,24.7619,6.59464,6.59464,1800,127,1927,1800,1927,0,0,0,1800,0,0,127,1,29.6996,29.6996,6.62582,6.62582,1981,104,2085,1981,2085,0,0,0,1981,0,0,104,1,35.9152,35.9152,6.65934,6.65934,2121,101,2222,2121,2222,0,0,0,2121,0,0,101,1,43.3124,43.3124,6.69694,6.69694,2274,109,2383,2274,2383,0,0,0,2274,0,0,109,1,52.4877,52.4877,6.73409,6.73409,2430,91,2521,2430,2521,0,0,0,2430,0,0,91,1,63.9849,63.9849,6.77664,6.77664,2442,119,2561,2442,2561,0,0,0,2442,0,0,119,1,77.6434,77.6434,6.8234,6.8234,2694,102,2796,2694,2796,0,0,0,2694,0,0,102,1,95.6511,95.6511,6.86826,6.86826
1.79167,43,2580,63,6,69,63,69,0,0,0,63,0,0,6,1,5.88202,5.88202,6.22258,6.22258,201,17,218,201,218,0,0,0,201,0,0,17,1,6.04012,6.04012,6.2214,6.2214,334,33,367,334,367,0,0,0,334,0,0,33,1,6.35137,6.35137,6.22589,6.22589,468,42,510,468,510,0,0,0,468,0,0,42,1,6.82086,6.82086,6.23247,6.23247,595,42,637,595,637,0,0,0,595,0,0,42,1,7.44933,7.44933,6.24077,6.24077,709,72,781,709,781,0,0,0,709,0,0,72,1,8.34822,8.34822,6.25296,6.25296,836,67,903,836,903,0,0,0,836,0,0,67,1,9.48011,9.48011,6.26752,6.26752,931,92,1023,931,1023,0,0,0,931,0,0,92,1,10.8948,10.8948,6.28399,6.28399,1153,93,1246,1153,1246,0,0,0,1153,0,0,93,1,12.6173,12.6173,6.30303,6.30303,1240,100,1340,1240,1340,0,0,0,1240,0,0,100,1,14.8065,14.8065,6.32265,6.32265,1419,102,1521,1419,1521,0,0,0,1419,0,0,102,1,17.4447,17.4447,6.34523,6.34523,1559,118,1677,1559,1677,0,0,0,1559,0,0,118,1,20.6348,20.6348,6.37141,6.37141,1654,117,1771,1654,1771,0,0,0,1654,0,0,117,1,24.7376,24.7376,6.39815,6.39815,1803,128,1931,1803,1931,0,0,0,1803,0,0,128,1,29.6786,29.6786,6.42829,6.42829,1983,108,2091,1983,2091,0,0,0,1983,0,0,108,1,35.9019,35.9019,6.46085,6.46085,2126,103,2229,2126,2229,0,0,0,2126,0,0,103,1,43.2921,43.2921,6.49716,6.49716,2285,110,2395,2285,2395,0,0,0,2285,0,0,110,1,52.4461,52.4461,6.53331,6.53331,2443,94,2537,2443,2537,0,0,0,2443,0,0,94,1,63.975,63.975,6.57437,6.57437,2444,121,2565,2444,2565,0,0,0,2444,0,0,121,1,77.6228,77.6228,6.61987,6.61987,2705,104,2809,2705,2809,0,0,0,2705,0,0,104,1,95.6435,95.6435,6.6633,6.6633
1.83333,44,2640,62,7,69,62,69,0,0,0,62,0,0,7,1,5.89168,5.89168,6.03827,6.03827,201,17,218,201,218,0,0,0,201,0,0,17,1,6.04467,6.04467,6.03684,6.03684,334,33,367,334,367,0,0,0,334,0,0,33,1,6.35521,6.35521,6.04115,6.04115,467,43,510,467,510,0,0,0,467,0,0,43,1,6.82435,6.82435,6.04752,6.04752,594,43,637,594,637,0,0,0,594,0,0,43,1,7.45244,7.45244,6.05551,6.05551,709,72,781,709,781,0,0,0,709,0,0,72,1,8.34989,8.34989,6.06728,6.06728,835,68,903,835,903,0,0,0,835,0,0,68,1,9.48099,9.48099,6.08134,6.08134,930,93,1023,930,1023,0,0,0,930,0,0,93,1,10.8948,10.8948,6.09727,6.09727,1147,99,1246,1147,1246,0,0,0,1147,0,0,99,1,12.6155,12.6155,6.11568,6.11568,1244,103,1347,1244,1347,0,0,0,1244,0,0,103,1,14.8029,14.8029,6.13463,6.13463,1427,104,1531,1427,1531,0,0,0,1427,0,0,104,1,17.4331,17.4331,6.15647,6.15647,1562,122,1684,1562,1684,0,0,0,1562,0,0,122,1,20.6201,20.6201,6.18169,6.18169,1664,120,1784,1664,1784,0,0,0,1664,0,0,120,1,24.7143,24.7143,6.20747,6.20747,1804,130,1934,1804,1934,0,0,0,1804,0,0,130,1,29.6546,29.6546,6.23663,6.23663,1992,110,2102,1992,2102,0,0,0,1992,0,0,110,1,35.8746,35.8746,6.26823,6.26823,2132,105,2237,2132,2237,0,0,0,2132,0,0,105,1,43.2665,43.2665,6.30336,6.30336,2289,111,2400,2289,2400,0,0,0,2289,0,0,111,1,52.4118,52.4118,6.33832,6.33832,2450,95,2545,2450,2545,0,0,0,2450,0,0,95,1,63.9315,63.9315,6.37818,6.37818,2452,122,2574,2452,2574,0,0,0,2452,0,0,122,1,77.5654,77.5654,6.42248,6.42248,2715,105,2820,2715,2820,0,0,0,2715,0,0,105,1,95.6125,95.6125,6.46433,6.46433
1.875,45,2700,62,7,69,62,69,0,0,0,62,0,0,7,1,5.892,5.892,5.85907,5.85907,201,17,218,201,218,0,0,0,201,0,0,17,1,6.04762,6.04762,5.85757,5.85757,334,33,367,334,367,0,0,0,334,0,0,33,1,6.3581,6.3581,5.86175,5.86175,467,43,510,467,510,0,0,0,467,0,0,43,1,6.82665,6.82665,5.86791,5.86791,594,43,637,594,637,0,0,0,594,0,0,43,1,7.45577,7.45577,5.87562,5.87562,709,72,781,709,781,0,0,0,709,0,0,72,1,8.35309,8.35309,5.887,5.887,833,70,903,833,903,0,0,0,833,0,0,70,1,9.48456,9.48456,5.90061,5.90061,929,95,1024,929,1024,0,0,0,929,0,0,95,1,10.8986,10.8986,5.91605,5.91605,1148,101,1249,1148,1249,0,0,0,1148,0,0,101,1,12.6135,12.6135,5.93375,5.93375,1243,109,1352,1243,1352,0,0,0,1243,0,0,109,1,14.7996,14.7996,5.95207,5.95207,1428,108,1536,1428,1536,0,0,0,1428,0,0,108,1,17.4246,17.4246,5.97313,5.97313,1563,125,1688,1563,1688,0,0,0,1563,0,0,125,1,20.609,20.609,5.9975,5.9975,1671,123,1794,1671,1794,0,0,0,1671,0,0,123,1,24.6948,24.6948,6.02242,6.02242,1810,134,1944,1810,1944,0,0,0,1810,0,0,134,1,29.641,29.641,6.05065,6.05065,2000,112,2112,2000,2112,0,0,0,2000,0,0,112,1,35.851,35.851,6.0812,6.0812,2135,108,2243,2135,2243,0,0,0,2135,0,0,108,1,43.2336,43.2336,6.11523,6.11523,2305,112,2417,2305,2417,0,0,0,2305,0,0,112,1,52.3731,52.3731,6.14914,6.14914,2467,97,2564,2467,2564,0,0,0,2467,0,0,97,1,63.8956,63.8956,6.18765,6.18765,2463,123,2586,2463,2586,0,0,0,2463,0,0,123,1,77.5382,77.5382,6.23072,6.23072,2717,108,2825,2717,2825,0,0,0,2717,0,0,108,1,95.5748,95.5748,6.27132,6.27132
1.91667,46,2760,62,7,69,62,69,0,0,0,62,0,0,7,1,5.88923,5.88923,5.68512,5.68512,200,18,218,200,218,0,0,0,200,0,0,18,1,6.04617,6.04617,5.68365,5.68365,331,36,367,331,367,0,0,0,331,0,0,36,1,6.35619,6.35619,5.6877,5.6877,466,44,510,466,510,0,0,0,466,0,0,44,1,6.82249,6.82249,5.69363,5.69363,594,43,637,594,637,0,0,0,594,0,0,43,1,7.44899,7.44899,5.701,5.701,709,72,781,709,781,0,0,0,709,0,0,72,1,8.34389,8.34389,5.71197,5.71197,832,71,903,832,903,0,0,0,832,0,0,71,1,9.47275,9.47275,5.72509,5.72509,929,95,1024,929,1024,0,0,0,929,0,0,95,1,10.8837,10.8837,5.73999,5.73999,1147,103,1250,1147,1250,0,0,0,1147,0,0,103,1,12.5978,12.5978,5.75711,5.75711,1246,112,1358,1246,1358,0,0,0,1246,0,0,112,1,14.7762,14.7762,5.77472,5.77472,1434,108,1542,1434,1542,0,0,0,1434,0,0,108,1,17.4001,17.4001,5.79512,5.79512,1568,128,1696,1568,1696,0,0,0,1568,0,0,128,1,20.5789,20.5789,5.8187,5.8187,1673,125,1798,1673,1798,0,0,0,1673,0,0,125,1,24.6579,24.6579,5.84274,5.84274,1816,135,1951,1816,1951,0,0,0,1816,0,0,135,1,29.6055,29.6055,5.87005,5.87005,2006,113,2119,2006,2119,0,0,0,2006,0,0,113,1,35.8071,35.8071,5.89968,5.89968,2146,112,2258,2146,2258,0,0,0,2146,0,0,112,1,43.1954,43.1954,5.93264,5.93264,2318,113,2431,2318,2431,0,0,0,2318,0,0,113,1,52.3127,52.3127,5.96546,5.96546,2484,98,2582,2484,2582,0,0,0,2484,0,0,98,1,63.8349,63.8349,6.00281,6.00281,2477,126,2603,2477,2603,0,0,0,2477,0,0,126,1,77.4719,77.4719,6.0447,6.0447,2728,108,2836,2728,2836,0,0,0,2728,0,0,108,1,95.5559,95.5559,6.08392,6.08392
1.95833,47,2820,62,7,69,62,69,0,0,0,62,0,0,7,1,5.88502,5.88502,5.51609,5.51609,200,18,218,200,218,0,0,0,200,0,0,18,1,6.04251,6.04251,5.51467,5.51467,331,36,367,331,367,0,0,0,331,0,0,36,1,6.35181,6.35181,5.51856,5.51856,466,44,510,466,510,0,0,0,466,0,0,44,1,6.81632,6.81632,5.52425,5.52425,593,44,637,593,637,0,0,0,593,0,0,44,1,7.44303,7.44303,5.53136,5.53136,708,73,781,708,781,0,0,0,708,0,0,73,1,8.33605,8.33605,5.54193,5.54193,829,74,903,829,903,0,0,0,829,0,0,74,1,9.46197,9.46197,5.55456,5.55456,930,96,1026,930,1026,0,0,0,930,0,0,96,1,10.8695,10.8695,5.5689,5.5689,1149,103,1252,1149,1252,0,0,0,1149,0,0,103,1,12.5792,12.5792,5.58543,5.58543,1250,113,1363,1250,1363,0,0,0,1250,0,0,113,1,14.7527,14.7527,5.60242,5.60242,1438,110,1548,1438,1548,0,0,0,1438,0,0,110,1,17.3736,17.3736,5.62208,5.62208,1574,131,1705,1574,1705,0,0,0,1574,0,0,131,1,20.5485,20.5485,5.64493,5.64493,1680,128,1808,1680,1808,0,0,0,1680,0,0,128,1,24.6215,24.6215,5.66815,5.66815,1819,139,1958,1819,1958,0,0,0,1819,0,0,139,1,29.5726,29.5726,5.69461,5.69461,2014,116,2130,2014,2130,0,0,0,2014,0,0,116,1,35.7694,35.7694,5.72323,5.72323,2152,114,2266,2152,2266,0,0,0,2152,0,0,114,1,43.142,43.142,5.75516,5.75516,2322,115,2437,2322,2437,0,0,0,2322,0,0,115,1,52.2585,52.2585,5.7871,5.7871,2495,101,2596,2495,2596,0,0,0,2495,0,0,101,1,63.7793,63.7793,5.82329,5.82329,2488,130,2618,2488,2618,0,0,0,2488,0,0,130,1,77.4337,77.4337,5.8638,5.8638,2743,111,2854,2743,2854,0,0,0,2743,0,0,111,1,95.501,95.501,5.90198,5.90198
2,48,2880,62,7,69,62,69,0,0,0,62,0,0,7,1,5.88181,5.88181,5.35185,5.35185,200,18,218,200,218,0,0,0,200,0,0,18,1,6.04106,6.04106,5.35047,5.35047,329,38,367,329,367,0,0,0,329,0,0,38,1,6.35003,6.35003,5.35422,5.35422,466,44,510,466,510,0,0,0,466,0,0,44,1,6.81259,6.81259,5.3597,5.3597,592,45,637,592,637,0,0,0,592,0,0,45,1,7.43902,7.43902,5.36657,5.36657,707,74,781,707,781,0,0,0,707,0,0,74,1,8.33055,8.33055,5.37677,5.37677,829,74,903,829,903,0,0,0,829,0,0,74,1,9.45424,9.45424,5.38895,5.38895,930,96,1026,930,1026,0,0,0,930,0,0,96,1,10.8589,10.8589,5.40278,5.40278,1148,110,1258,1148,1258,0,0,0,1148,0,0,110,1,12.5719,12.5719,5.41884,5.41884,1258,114,1372,1258,1372,0,0,0,1258,0,0,114,1,14.7366,14.7366,5.43523,5.43523,1441,116,1557,1441,1557,0,0,0,1441,0,0,116,1,17.3523,17.3523,5.45415,5.45415,1583,133,1716,1583,1716,0,0,0,1583,0,0,133,1,20.5221,20.5221,5.47617,5.47617,1690,129,1819,1690,1819,0,0,0,1690,0,0,129,1,24.5853,24.5853,5.4987,5.4987,1827,143,1970,1827,1970,0,0,0,1827,0,0,143,1,29.5203,29.5203,5.52427,5.52427,2022,121,2143,2022,2143,0,0,0,2022,0,0,121,1,35.725,35.725,5.55194,5.55194,2173,116,2289,2173,2289,0,0,0,2173,0,0,116,1,43.0879,43.0879,5.58298,5.58298,2338,117,2455,2338,2455,0,0,0,2338,0,0,117,1,52.2059,52.2059,5.61379,5.61379,2507,105,2612,2507,2612,0,0,0,2507,0,0,105,1,63.7135,63.7135,5.64899,5.64899,2503,131,2634,2503,2634,0,0,0,2503,0,0,131,1,77.3688,77.3688,5.68821,5.68821,2750,114,2864,2750,2864,0,0,0,2750,0,0,114,1,95.4596,95.4596,5.72533,5.72533
2.04167,49,2940,62,7,69,62,69,0,0,0,62,0,0,7,1,5.87552,5.87552,5.19239,5.19239,200,18,218,200,218,0,0,0,200,0,0,18,1,6.03463,6.03463,5.191,5.191,329,38,367,329,367,0,0,0,329,0,0,38,1,6.34292,6.34292,5.19462,5.19462,465,45,510,465,510,0,0,0,465,0,0,45,1,6.80439,6.80439,5.1999,5.1999,592,45,637,592,637,0,0,0,592,0,0,45,1,7.42938,7.42938,5.20651,5.20651,705,76,781,705,781,0,0,0,705,0,0,76,1,8.31812,8.31812,5.21634,5.21634,828,76,904,828,904,0,0,0,828,0,0,76,1,9.43983,9.43983,5.22808,5.22808,928,98,1026,928,1026,0,0,0,928,0,0,98,1,10.8393,10.8393,5.24141,5.24141,1149,112,1261,1149,1261,0,0,0,1149,0,0,112,1,12.5472,12.5472,5.25692,5.25692,1262,116,1378,1262,1378,0,0,0,1262,0,0,116,1,14.7109,14.7109,5.27274,5.27274,1444,121,1565,1444,1565,0,0,0,1444,0,0,121,1,17.3157,17.3157,5.2909,5.2909,1588,134,1722,1588,1722,0,0,0,1588,0,0,134,1,20.4782,20.4782,5.31227,5.31227,1694,135,1829,1694,1829,0,0,0,1694,0,0,135,1,24.539,24.539,5.33409,5.33409,1840,147,1987,1840,1987,0,0,0,1840,0,0,147,1,29.4675,29.4675,5.35882,5.35882,2033,123,2156,2033,2156,0,0,0,2033,0,0,123,1,35.6679,35.6679,5.3856,5.3856,2191,118,2309,2191,2309,0,0,0,2191,0,0,118,1,42.9994,42.9994,5.41561,5.41561,2348,121,2469,2348,2469,0,0,0,2348,0,0,121,1,52.1402,52.1402,5.44556,5.44556,2521,107,2628,2521,2628,0,0,0,2521,0,0,107,1,63.6501,63.6501,5.47957,5.47957,2517,133,2650,2517,2650,0,0,0,2517,0,0,133,1,77.329,77.329,5.51759,5.51759,2761,116,2877,2761,2877,0,0,0,2761,0,0,116,1,95.3793,95.3793,5.55372,5.55372
2.08333,50,3000,62,7,69,62,69,0,0,0,62,0,0,7,1,5.86891,5.86891,5.03751,5.03751,200,18,218,200,218,0,0,0,200,0,0,18,1,6.0283,6.0283,5.03611,5.03611,328,39,367,328,367,0,0,0,328,0,0,39,1,6.33586,6.33586,5.03962,5.03962,465,45,510,465,510,0,0,0,465,0,0,45,1,6.79568,6.79568,5.04472,5.04472,591,46,637,591,637,0,0,0,591,0,0,46,1,7.41949,7.41949,5.05108,5.05108,703,78,781,703,781,0,0,0,703,0,0,78,1,8.3054,8.3054,5.06056,5.06056,827,77,904,827,904,0,0,0,827,0,0,77,1,9.42427,9.42427,5.07189,5.07189,926,101,1027,926,1027,0,0,0,926,0,0,101,1,10.8189,10.8189,5.0847,5.0847,1146,117,1263,1146,1263,0,0,0,1146,0,0,117,1,12.5216,12.5216,5.09967,5.09967,1265,119,1384,1265,1384,0,0,0,1265,0,0,119,1,14.6759,14.6759,5.11479,5.11479,1452,122,1574,1452,1574,0,0,0,1452,0,0,122,1,17.2672,17.2672,5.13228,5.13228,1597,135,1732,1597,1732,0,0,0,1597,0,0,135,1,20.4267,20.4267,5.15292,5.15292,1705,136,1841,1705,1841,0,0,0,1705,0,0,136,1,24.4728,24.4728,5.17399,5.17399,1857,149,2006,1857,2006,0,0,0,1857,0,0,149,1,29.4037,29.4037,5.19798,5.19798,2042,125,2167,2042,2167,0,0,0,2042,0,0,125,1,35.5995,35.5995,5.22391,5.22391,2202,125,2327,2202,2327,0,0,0,2202,0,0,125,1,42.9064,42.9064,5.25301,5.25301,2367,123,2490,2367,2490,0,0,0,2367,0,0,123,1,52.0564,52.0564,5.28205,5.28205,2537,108,2645,2537,2645,0,0,0,2537,0,0,108,1,63.6046,63.6046,5.31488,5.31488,2534,137,2671,2534,2671,0,0,0,2534,0,0,137,1,77.2316,77.2316,5.35183,5.35183,2783,121,2904,2783,2904,0,0,0,2783,0,0,121,1,95.287,95.287,5.38722,5.38722
2.125,51,3060,62,7,69,62,69,0,0,0,62,0,0,7,1,5.86035,5.86035,4.88721,4.88721,199,19,218,199,218,0,0,0,199,0,0,19,1,6.02053,6.02053,4.8858,4.8858,326,41,367,326,367,0,0,0,326,0,0,41,1,6.32639,6.32639,4.88914,4.88914,464,46,510,464,510,0,0,0,464,0,0,46,1,6.78283,6.78283,4.894,4.894,591,46,637,591,637,0,0,0,591,0,0,46,1,7.40544,7.40544,4.90013,4.90013,701,80,781,701,781,0,0,0,701,0,0,80,1,8.2882,8.2882,4.90924,4.90924,827,77,904,827,904,0,0,0,827,0,0,77,1,9.40311,9.40311,4.92013,4.92013,922,106,1028,922,1028,0,0,0,922,0,0,106,1,10.7927,10.7927,4.93244,4.93244,1148,121,1269,1148,1269,0,0,0,1148,0,0,121,1,12.4914,12.4914,4.94687,4.94687,1275,121,1396,1275,1396,0,0,0,1275,0,0,121,1,14.6348,14.6348,4.9613,4.9613,1461,125,1586,1461,1586,0,0,0,1461,0,0,125,1,17.2126,17.2126,4.97814,4.97814,1609,139,1748,1609,1748,0,0,0,1609,0,0,139,1,20.3635,20.3635,4.99812,4.99812,1723,140,1863,1723,1863,0,0,0,1723,0,0,140,1,24.4015,24.4015,5.01848,5.01848,1875,152,2027,1875,2027,0,0,0,1875,0,0,152,1,29.3123,29.3123,5.04158,5.04158,2067,127,2194,2067,2194,0,0,0,2067,0,0,127,1,35.5129,35.5129,5.06664,5.06664,2214,129,2343,2214,2343,0,0,0,2214,0,0,129,1,42.8127,42.8127,5.09488,5.09488,2382,124,2506,2382,2506,0,0,0,2382,0,0,124,1,51.9394,51.9394,5.12299,5.12299,2561,109,2670,2561,2670,0,0,0,2561,0,0,109,1,63.522,63.522,5.15491,5.15491,2552,140,2692,2552,2692,0,0,0,2552,0,0,140,1,77.1545,77.1545,5.19082,5.19082,2808,124,2932,2808,2932,0,0,0,2808,0,0,124,1,95.1862,95.1862,5.22516,5.22516
2.16667,52,3120,62,7,69,62,69,0,0,0,62,0,0,7,1,5.84389,5.84389,4.74105,4.74105,199,19,218,199,218,0,0,0,199,0,0,19,1,6.00308,6.00308,4.7396,4.7396,326,41,367,326,367,0,0,0,326,0,0,41,1,6.30783,6.30783,4.74281,4.74281,464,46,510,464,510,0,0,0,464,0,0,46,1,6.76232,6.76232,4.74747,4.74747,591,46,637,591,637,0,0,0,591,0,0,46,1,7.38271,7.38271,4.75335,4.75335,698,83,781,698,781,0,0,0,698,0,0,83,1,8.26179,8.26179,4.76209,4.76209,827,77,904,827,904,0,0,0,827,0,0,77,1,9.37107,9.37107,4.77255,4.77255,923,106,1029,923,1029,0,0,0,923,0,0,106,1,10.7555,10.7555,4.78441,4.78441,1149,124,1273,1149,1273,0,0,0,1149,0,0,124,1,12.4473,12.4473,4.79828,4.79828,1280,124,1404,1280,1404,0,0,0,1280,0,0,124,1,14.5823,14.5823,4.81208,4.81208,1476,126,1602,1476,1602,0,0,0,1476,0,0,126,1,17.1443,17.1443,4.82829,4.82829,1627,140,1767,1627,1767,0,0,0,1627,0,0,140,1,20.2926,20.2926,4.84755,4.84755,1733,142,1875,1733,1875,0,0,0,1733,0,0,142,1,24.3271,24.3271,4.86722,4.86722,1887,153,2040,1887,2040,0,0,0,1887,0,0,153,1,29.223,29.223,4.88948,4.88948,2088,129,2217,2088,2217,0,0,0,2088,0,0,129,1,35.4169,35.4169,4.91387,4.91387,2238,133,2371,2238,2371,0,0,0,2238,0,0,133,1,42.7195,42.7195,4.94109,4.94109,2394,126,2520,2394,2520,0,0,0,2394,0,0,126,1,51.8494,51.8494,4.96846,4.96846,2581,114,2695,2581,2695,0,0,0,2581,0,0,114,1,63.4339,63.4339,4.99953,4.99953,2577,143,2720,2577,2720,0,0,0,2577,0,0,143,1,77.0787,77.0787,5.03432,5.03432,2832,130,2962,2832,2962,0,0,0,2832,0,0,130,1,95.092,95.092,5.06765,5.06765
2.20833,53,3180,62,7,69,62,69,0,0,0,62,0,0,7,1,5.82213,5.82213,4.59885,4.59885,199,19,218,199,218,0,0,0,199,0,0,19,1,5.9835,5.9835,4.59746,4.59746,325,42,367,325,367,0,0,0,325,0,0,42,1,6.28678,6.28678,4.60054,4.60054,461,49,510,461,510,0,0,0,461,0,0,49,1,6.73765,6.73765,4.60497,4.60497,590,47,637,590,637,0,0,0,590,0,0,47,1,7.35379,7.35379,4.61057,4.61057,698,83,781,698,781,0,0,0,698,0,0,83,1,8.22746,8.22746,4.61894,4.61894,826,78,904,826,904,0,0,0,826,0,0,78,1,9.32985,9.32985,4.62895,4.62895,922,107,1029,922,1029,0,0,0,922,0,0,107,1,10.7059,10.7059,4.64032,4.64032,1151,127,1278,1151,1278,0,0,0,1151,0,0,127,1,12.3916,12.3916,4.6537,4.6537,1289,127,1416,1289,1416,0,0,0,1289,0,0,127,1,14.5149,14.5149,4.6669,4.6669,1500,129,1629,1500,1629,0,0,0,1500,0,0,129,1,17.0625,17.0625,4.68252,4.68252,1637,143,1780,1637,1780,0,0,0,1637,0,0,143,1,20.1972,20.1972,4.70106,4.70106,1747,145,1892,1747,1892,0,0,0,1747,0,0,145,1,24.2267,24.2267,4.72,4.72,1906,153,2059,1906,2059,0,0,0,1906,0,0,153,1,29.0972,29.0972,4.74159,4.74159,2111,130,2241,2111,2241,0,0,0,2111,0,0,130,1,35.2809,35.2809,4.7652,4.7652,2263,136,2399,2263,2399,0,0,0,2263,0,0,136,1,42.5909,42.5909,4.79142,4.79142,2421,127,2548,2421,2548,0,0,0,2421,0,0,127,1,51.685,51.685,4.81811,4.81811,2601,114,2715,2601,2715,0,0,0,2601,0,0,114,1,63.3115,63.3115,4.8482,4.8482,2606,143,2749,2606,2749,0,0,0,2606,0,0,143,1,76.9428,76.9428,4.88208,4.88208,2860,134,2994,2860,2994,0,0,0,2860,0,0,134,1,94.9528,94.9528,4.91448,4.91448
2.25,54,3240,61,8,69,61,69,0,0,0,61,0,0,8,1,5.80827,5.80827,4.46071,4.46071,197,21,218,197,218,0,0,0,197,0,0,21,1,5.96393,5.96393,4.45921,4.45921,324,43,367,324,367,0,0,0,324,0,0,43,1,6.26336,6.26336,4.4621,4.4621,460,50,510,460,510,0,0,0,460,0,0,50,1,6.71053,6.71053,4.46631,4.46631,590,47,637,590,637,0,0,0,590,0,0,47,1,7.32227,7.32227,4.47164,4.47164,696,85,781,696,781,0,0,0,696,0,0,85,1,8.18995,8.18995,4.47965,4.47965,826,78,904,826,904,0,0,0,826,0,0,78,1,9.28569,9.28569,4.48924,4.48924,919,110,1029,919,1029,0,0,0,919,0,0,110,1,10.6529,10.6529,4.50012,4.50012,1151,129,1280,1151,1280,0,0,0,1151,0,0,129,1,12.3269,12.3269,4.51293,4.51293,1297,128,1425,1297,1425,0,0,0,1297,0,0,128,1,14.4385,14.4385,4.5255,4.5255,1526,132,1658,1526,1658,0,0,0,1526,0,0,132,1,16.9672,16.9672,4.54054,4.54054,1644,148,1792,1644,1792,0,0,0,1644,0,0,148,1,20.0909,20.0909,4.55844,4.55844,1762,148,1910,1762,1910,0,0,0,1762,0,0,148,1,24.1138,24.1138,4.5768,4.5768,1932,154,2086,1932,2086,0,0,0,1932,0,0,154,1,28.975,28.975,4.59749,4.59749,2132,133,2265,2132,2265,0,0,0,2132,0,0,133,1,35.1357,35.1357,4.6205,4.6205,2284,142,2426,2284,2426,0,0,0,2284,0,0,142,1,42.4451,42.4451,4.64595,4.64595,2456,127,2583,2456,2583,0,0,0,2456,0,0,127,1,51.5497,51.5497,4.67168,4.67168,2620,117,2737,2620,2737,0,0,0,2620,0,0,117,1,63.1569,63.1569,4.70088,4.70088,2631,144,2775,2631,2775,0,0,0,2631,0,0,144,1,76.7901,76.7901,4.73379,4.73379,2899,135,3034,2899,3034,0,0,0,2899,0,0,135,1,94.7926,94.7926,4.76541,4.76541
2.29167,55,3300,60,9,69,60,69,0,0,0,60,0,0,9,1,5.78694,5.78694,4.32639,4.32639,197,21,218,197,218,0,0,0,197,0,0,21,1,5.93928,5.93928,4.32478,4.32478,324,43,367,324,367,0,0,0,324,0,0,43,1,6.23613,6.23613,4.32752,4.32752,458,52,510,458,510,0,0,0,458,0,0,52,1,6.67994,6.67994,4.33153,4.33153,588,49,637,588,637,0,0,0,588,0,0,49,1,7.28742,7.28742,4.33659,4.33659,693,88,781,693,781,0,0,0,693,0,0,88,1,8.14745,8.14745,4.34421,4.34421,824,80,904,824,904,0,0,0,824,0,0,80,1,9.23509,9.23509,4.35335,4.35335,915,114,1029,915,1029,0,0,0,915,0,0,114,1,10.591,10.591,4.36373,4.36373,1151,130,1281,1151,1281,0,0,0,1151,0,0,130,1,12.2509,12.2509,4.37592,4.37592,1312,130,1442,1312,1442,0,0,0,1312,0,0,130,1,14.3496,14.3496,4.38795,4.38795,1544,138,1682,1544,1682,0,0,0,1544,0,0,138,1,16.8522,16.8522,4.40233,4.40233,1666,148,1814,1666,1814,0,0,0,1666,0,0,148,1,19.9586,19.9586,4.41953,4.41953,1782,149,1931,1782,1931,0,0,0,1782,0,0,149,1,23.9771,23.9771,4.4372,4.4372,1948,156,2104,1948,2104,0,0,0,1948,0,0,156,1,28.8189,28.8189,4.45733,4.45733,2153,133,2286,2153,2286,0,0,0,2153,0,0,133,1,34.9696,34.9696,4.47944,4.47944,2305,145,2450,2305,2450,0,0,0,2305,0,0,145,1,42.2799,42.2799,4.50414,4.50414,2492,129,2621,2492,2621,0,0,0,2492,0,0,129,1,51.37,51.37,4.52932,4.52932,2652,118,2770,2652,2770,0,0,0,2652,0,0,118,1,62.9482,62.9482,4.55758,4.55758,2650,146,2796,2650,2796,0,0,0,2650,0,0,146,1,76.6333,76.6333,4.58948,4.58948,2934,136,3070,2934,3070,0,0,0,2934,0,0,136,1,94.6124,94.6124,4.62028,4.62028
2.33333,56,3360,60,9,69,60,69,0,0,0,60,0,0,9,1,5.7561,5.7561,4.19548,4.19548,197,21,218,197,218,0,0,0,197,0,0,21,1,5.90681,5.90681,4.19388,4.19388,323,44,367,323,367,0,0,0,323,0,0,44,1,6.20218,6.20218,4.1965,4.1965,455,55,510,455,510,0,0,0,455,0,0,55,1,6.64347,6.64347,4.20032,4.20032,586,51,637,586,637,0,0,0,586,0,0,51,1,7.24457,7.24457,4.20508,4.20508,693,88,781,693,781,0,0,0,693,0,0,88,1,8.09671,8.09671,4.21232,4.21232,820,84,904,820,904,0,0,0,820,0,0,84,1,9.17497,9.17497,4.22102,4.22102,914,115,1029,914,1029,0,0,0,914,0,0,115,1,10.5186,10.5186,4.23087,4.23087,1153,131,1284,1153,1284,0,0,0,1153,0,0,131,1,12.1669,12.1669,4.24247,4.24247,1320,132,1452,1320,1452,0,0,0,1320,0,0,132,1,14.25,14.25,4.25401,4.25401,1558,142,1700,1558,1700,0,0,0,1558,0,0,142,1,16.7305,16.7305,4.2677,4.2677,1698,150,1848,1698,1848,0,0,0,1698,0,0,150,1,19.8256,19.8256,4.28434,4.28434,1802,150,1952,1802,1952,0,0,0,1802,0,0,150,1,23.8332,23.8332,4.30122,4.30122,1973,157,2130,1973,2130,0,0,0,1973,0,0,157,1,28.6719,28.6719,4.32065,4.32065,2177,135,2312,2177,2312,0,0,0,2177,0,0,135,1,34.7967,34.7967,4.34211,4.34211,2330,147,2477,2330,2477,0,0,0,2330,0,0,147,1,42.0864,42.0864,4.36606,4.36606,2530,132,2662,2530,2662,0,0,0,2530,0,0,132,1,51.1823,51.1823,4.39066,4.39066,2679,121,2800,2679,2800,0,0,0,2679,0,0,121,1,62.7446,62.7446,4.41789,4.41789,2691,149,2840,2691,2840,0,0,0,2691,0,0,149,1,76.4713,76.4713,4.44904,4.44904,2971,140,3111,2971,3111,0,0,0,2971,0,0,140,1,94.4904,94.4904,4.47891,4.47891
2.375,57,3420,60,9,69,60,69,0,0,0,60,0,0,9,1,5.71488,5.71488,4.06771,4.06771,197,21,218,197,218,0,0,0,197,0,0,21,1,5.86351,5.86351,4.06613,4.06613,322,45,367,322,367,0,0,0,322,0,0,45,1,6.15669,6.15669,4.06862,4.06862,455,55,510,455,510,0,0,0,455,0,0,55,1,6.59396,6.59396,4.07225,4.07225,586,51,637,586,637,0,0,0,586,0,0,51,1,7.18955,7.18955,4.07678,4.07678,691,90,781,691,781,0,0,0,691,0,0,90,1,8.0352,8.0352,4.08367,4.08367,819,85,904,819,904,0,0,0,819,0,0,85,1,9.10309,9.10309,4.09196,4.09196,914,115,1029,914,1029,0,0,0,914,0,0,115,1,10.4351,10.4351,4.10135,4.10135,1150,134,1284,1150,1284,0,0,0,1150,0,0,134,1,12.071,12.071,4.11241,4.11241,1338,132,1470,1338,1470,0,0,0,1338,0,0,132,1,14.1467,14.1467,4.12346,4.12346,1573,145,1718,1573,1718,0,0,0,1573,0,0,145,1,16.6117,16.6117,4.13651,4.13651,1715,152,1867,1715,1867,0,0,0,1715,0,0,152,1,19.6798,19.6798,4.1525,4.1525,1831,153,1984,1831,1984,0,0,0,1831,0,0,153,1,23.6632,23.6632,4.16881,4.16881,1988,163,2151,1988,2151,0,0,0,1988,0,0,163,1,28.4935,28.4935,4.18758,4.18758,2211,136,2347,2211,2347,0,0,0,2211,0,0,136,1,34.5978,34.5978,4.2083,4.2083,2352,149,2501,2352,2501,0,0,0,2352,0,0,149,1,41.8763,41.8763,4.23146,4.23146,2567,132,2699,2567,2699,0,0,0,2567,0,0,132,1,50.9582,50.9582,4.2553,4.2553,2702,123,2825,2702,2825,0,0,0,2702,0,0,123,1,62.4961,62.4961,4.28198,4.28198,2732,150,2882,2732,2882,0,0,0,2732,0,0,150,1,76.238,76.238,4.31221,4.31221,3005,143,3148,3005,3148,0,0,0,3005,0,0,143,1,94.2904,94.2904,4.34124,4.34124
2.41667,58,3480,59,10,69,59,69,0,0,0,59,0,0,10,1,5.67695,5.67695,3.94322,3.94322,197,21,218,197,218,0,0,0,197,0,0,21,1,5.82245,5.82245,3.94159,3.94159,321,46,367,321,367,0,0,0,321,0,0,46,1,6.11265,6.11265,3.94395,3.94395,454,56,510,454,510,0,0,0,454,0,0,56,1,6.54567,6.54567,3.94737,3.94737,586,51,637,586,637,0,0,0,586,0,0,51,1,7.13553,7.13553,3.95166,3.95166,690,91,781,690,781,0,0,0,690,0,0,91,1,7.97297,7.97297,3.95822,3.95822,818,86,904,818,904,0,0,0,818,0,0,86,1,9.03115,9.03115,3.96611,3.96611,912,118,1030,912,1030,0,0,0,912,0,0,118,1,10.35,10.35,3.97505,3.97505,1148,137,1285,1148,1285,0,0,0,1148,0,0,137,1,11.9727,11.9727,3.9856,3.9856,1350,135,1485,1350,1485,0,0,0,1350,0,0,135,1,14.0277,14.0277,3.99609,3.99609,1595,147,1742,1595,1742,0,0,0,1595,0,0,147,1,16.4697,16.4697,4.0085,4.0085,1737,154,1891,1737,1891,0,0,0,1737,0,0,154,1,19.5211,19.5211,4.02389,4.02389,1844,161,2005,1844,2005,0,0,0,1844,0,0,161,1,23.4841,23.4841,4.0397,4.0397,2018,164,2182,2018,2182,0,0,0,2018,0,0,164,1,28.3102,28.3102,4.05791,4.05791,2240,140,2380,2240,2380,0,0,0,2240,0,0,140,1,34.3926,34.3926,4.07779,4.07779,2373,152,2525,2373,2525,0,0,0,2373,0,0,152,1,41.651,41.651,4.10023,4.10023,2612,134,2746,2612,2746,0,0,0,2612,0,0,134,1,50.739,50.739,4.12338,4.12338,2742,124,2866,2742,2866,0,0,0,2742,0,0,124,1,62.2799,62.2799,4.1493,4.1493,2761,153,2914,2761,2914,0,0,0,2761,0,0,153,1,75.9678,75.9678,4.17887,4.17887,3042,144,3186,3042,3186,0,0,0,3042,0,0,144,1,94.1213,94.1213,4.20701,4.20701
2.45833,59,3540,59,10,69,59,69,0,0,0,59,0,0,10,1,5.62507,5.62507,3.8217,3.8217,196,22,218,196,218,0,0,0,196,0,0,22,1,5.77018,5.77018,3.82014,3.82014,321,46,367,321,367,0,0,0,321,0,0,46,1,6.05669,6.05669,3.82235,3.82235,454,56,510,454,510,0,0,0,454,0,0,56,1,6.48506,6.48506,3.82559,3.82559,585,52,637,585,637,0,0,0,585,0,0,52,1,7.06928,7.06928,3.82968,3.82968,690,91,781,690,781,0,0,0,690,0,0,91,1,7.89803,7.89803,3.83591,3.83591,816,88,904,816,904,0,0,0,816,0,0,88,1,8.94532,8.94532,3.84342,3.84342,910,120,1030,910,1030,0,0,0,910,0,0,120,1,10.2503,10.2503,3.85191,3.85191,1147,138,1285,1147,1285,0,0,0,1147,0,0,138,1,11.8559,11.8559,3.86195,3.86195,1364,136,1500,1364,1500,0,0,0,1364,0,0,136,1,13.8973,13.8973,3.87192,3.87192,1615,149,1764,1615,1764,0,0,0,1615,0,0,149,1,16.3123,16.3123,3.88378,3.88378,1761,157,1918,1761,1918,0,0,0,1761,0,0,157,1,19.3379,19.3379,3.89851,3.89851,1871,164,2035,1871,2035,0,0,0,1871,0,0,164,1,23.2883,23.2883,3.91374,3.91374,2037,167,2204,2037,2204,0,0,0,2037,0,0,167,1,28.0919,28.0919,3.93139,3.93139,2263,143,2406,2263,2406,0,0,0,2263,0,0,143,1,34.167,34.167,3.95063,3.95063,2404,155,2559,2404,2559,0,0,0,2404,0,0,155,1,41.4164,41.4164,3.97233,3.97233,2653,134,2787,2653,2787,0,0,0,2653,0,0,134,1,50.4898,50.4898,3.99485,3.99485,2782,125,2907,2782,2907,0,0,0,2782,0,0,125,1,62.0256,62.0256,4.02006,4.02006,2810,157,2967,2810,2967,0,0,0,2810,0,0,157,1,75.7403,75.7403,4.04876,4.04876,3089,144,3233,3089,3233,0,0,0,3089,0,0,144,1,93.9444,93.9444,4.07601,4.07601
2.5,60,3600,59,10,69,59,69,0,0,0,59,0,0,10,1,5.57535,5.57535,3.70316,3.70316,196,22,218,196,218,0,0,0,196,0,0,22,1,5.71691,5.71691,3.70163,3.70163,321,46,367,321,367,0,0,0,321,0,0,46,1,6.0009,6.0009,3.70374,3.70374,453,57,510,453,510,0,0,0,453,0,0,57,1,6.42565,6.42565,3.70681,3.70681,584,53,637,584,637,0,0,0,584,0,0,53,1,7.00335,7.00335,3.71069,3.71069,688,93,781,688,781,0,0,0,688,0,0,93,1,7.82348,7.82348,3.7166,3.7166,816,88,904,816,904,0,0,0,816,0,0,88,1,8.85949,8.85949,3.72372,3.72372,908,122,1030,908,1030,0,0,0,908,0,0,122,1,10.1504,10.1504,3.73177,3.73177,1148,138,1286,1148,1286,0,0,0,1148,0,0,138,1,11.7411,11.7411,3.7413,3.7413,1369,138,1507,1369,1507,0,0,0,1369,0,0,138,1,13.7608,13.7608,3.75072,3.75072,1638,153,1791,1638,1791,0,0,0,1638,0,0,153,1,16.1586,16.1586,3.7621,3.7621,1790,163,1953,1790,1953,0,0,0,1790,0,0,163,1,19.1545,19.1545,3.77622,3.77622,1901,170,2071,1901,2071,0,0,0,1901,0,0,170,1,23.0915,23.0915,3.7909,3.7909,2063,171,2234,2063,2234,0,0,0,2063,0,0,171,1,27.8717,27.8717,3.8079,3.8079,2296,145,2441,2296,2441,0,0,0,2296,0,0,145,1,33.9159,33.9159,3.82653,3.82653,2430,161,2591,2430,2591,0,0,0,2430,0,0,161,1,41.1459,41.1459,3.84755,3.84755,2693,136,2829,2693,2829,0,0,0,2693,0,0,136,1,50.2145,50.2145,3.86937,3.86937,2828,125,2953,2828,2953,0,0,0,2828,0,0,125,1,61.7706,61.7706,3.894,3.894,2854,160,3014,2854,3014,0,0,0,2854,0,0,160,1,75.4953,75.4953,3.92196,3.92196,3135,152,3287,3135,3287,0,0,0,3135,0,0,152,1,93.7562,93.7562,3.94856,3.94856
2.54167,61,3660,59,10,69,59,69,0,0,0,59,0,0,10,1,5.51863,5.51863,3.58754,3.58754,196,22,218,196,218,0,0,0,196,0,0,22,1,5.6582,5.6582,3.58602,3.58602,321,46,367,321,367,0,0,0,321,0,0,46,1,5.93939,5.93939,3.58802,3.58802,451,59,510,451,510,0,0,0,451,0,0,59,1,6.35972,6.35972,3.59094,3.59094,583,54,637,583,637,0,0,0,583,0,0,54,1,6.92977,6.92977,3.59459,3.59459,687,94,781,687,781,0,0,0,687,0,0,94,1,7.74007,7.74007,3.60018,3.60018,816,88,904,816,904,0,0,0,816,0,0,88,1,8.76335,8.76335,3.60693,3.60693,908,122,1030,908,1030,0,0,0,908,0,0,122,1,10.039,10.039,3.61456,3.61456,1146,140,1286,1146,1286,0,0,0,1146,0,0,140,1,11.6119,11.6119,3.62361,3.62361,1376,141,1517,1376,1517,0,0,0,1376,0,0,141,1,13.6115,13.6115,3.63254,3.63254,1665,154,1819,1665,1819,0,0,0,1665,0,0,154,1,15.9772,15.9772,3.6433,3.6433,1826,165,1991,1826,1991,0,0,0,1826,0,0,165,1,18.949,18.949,3.65694,3.65694,1931,173,2104,1931,2104,0,0,0,1931,0,0,173,1,22.8669,22.8669,3.67099,3.67099,2092,173,2265,2092,2265,0,0,0,2092,0,0,173,1,27.645,27.645,3.68742,3.68742,2331,149,2480,2331,2480,0,0,0,2331,0,0,149,1,33.6528,33.6528,3.70553,3.70553,2474,165,2639,2474,2639,0,0,0,2474,0,0,165,1,40.8765,40.8765,3.7258,3.7258,2726,138,2864,2726,2864,0,0,0,2726,0,0,138,1,49.923,49.923,3.74704,3.74704,2859,127,2986,2859,2986,0,0,0,2859,0,0,127,1,61.5066,61.5066,3.77097,3.77097,2902,165,3067,2902,3067,0,0,0,2902,0,0,165,1,75.2436,75.2436,3.79808,3.79808,3178,156,3334,3178,3334,0,0,0,3178,0,0,156,1,93.467,93.467,3.82418,3.82418
2.58333,62,3720,58,11,69,58,69,0,0,0,58,0,0,11,1,5.47484,5.47484,3.47497,3.47497,195,23,218,195,218,0,0,0,195,0,0,23,1,5.60738,5.60738,3.47333,3.47333,320,47,367,320,367,0,0,0,320,0,0,47,1,5.88466,5.88466,3.47521,3.47521,450,60,510,450,510,0,0,0,450,0,0,60,1,6.30014,6.30014,3.47797,3.47797,579,58,637,579,637,0,0,0,579,0,0,58,1,6.86207,6.86207,3.48137,3.48137,687,94,781,687,781,0,0,0,687,0,0,94,1,7.66189,7.66189,3.48665,3.48665,812,92,904,812,904,0,0,0,812,0,0,92,1,8.6714,8.6714,3.49302,3.49302,908,122,1030,908,1030,0,0,0,908,0,0,122,1,9.93071,9.93071,3.50022,3.50022,1144,143,1287,1144,1287,0,0,0,1144,0,0,143,1,11.4865,11.4865,3.50881,3.50881,1377,146,1523,1377,1523,0,0,0,1377,0,0,146,1,13.4618,13.4618,3.51724,3.51724,1679,155,1834,1679,1834,0,0,0,1679,0,0,155,1,15.8008,15.8008,3.52742,3.52742,1842,169,2011,1842,2011,0,0,0,1842,0,0,169,1,18.75,18.75,3.54056,3.54056,1957,181,2138,1957,2138,0,0,0,1957,0,0,181,1,22.6478,22.6478,3.55407,3.55407,2129,176,2305,2129,2305,0,0,0,2129,0,0,176,1,27.3829,27.3829,3.5699,3.5699,2380,151,2531,2380,2531,0,0,0,2380,0,0,151,1,33.3822,33.3822,3.58732,3.58732,2513,170,2683,2513,2683,0,0,0,2513,0,0,170,1,40.559,40.559,3.60695,3.60695,2766,141,2907,2766,2907,0,0,0,2766,0,0,141,1,49.6306,49.6306,3.62765,3.62765,2922,131,3053,2922,3053,0,0,0,2922,0,0,131,1,61.2412,61.2412,3.65109,3.65109,2940,170,3110,2940,3110,0,0,0,2940,0,0,170,1,74.9852,74.9852,3.67723,3.67723,3219,159,3378,3219,3378,0,0,0,3219,0,0,159,1,93.1852,93.1852,3.7028,3.7028
2.625,63,3780,58,11,69,58,69,0,0,0,58,0,0,11,1,5.41718,5.41718,3.36526,3.36526,195,23,218,195,218,0,0,0,195,0,0,23,1,5.54735,5.54735,3.36357,3.36357,318,49,367,318,367,0,0,0,318,0,0,49,1,5.82106,5.82106,3.36533,3.36533,450,60,510,450,510,0,0,0,450,0,0,60,1,6.23037,6.23037,3.3679,3.3679,578,59,637,578,637,0,0,0,578,0,0,59,1,6.78418,6.78418,3.37106,3.37106,685,96,781,685,781,0,0,0,685,0,0,96,1,7.5728,7.5728,3.37602,3.37602,810,94,904,810,904,0,0,0,810,0,0,94,1,8.56844,8.56844,3.38199,3.38199,907,123,1030,907,1030,0,0,0,907,0,0,123,1,9.81046,9.81046,3.38875,3.38875,1143,144,1287,1143,1287,0,0,0,1143,0,0,144,1,11.3451,11.3451,3.39687,3.39687,1381,149,1530,1381,1530,0,0,0,1381,0,0,149,1,13.298,13.298,3.40477,3.40477,1700,158,1858,1700,1858,0,0,0,1700,0,0,158,1,15.6097,15.6097,3.41443,3.41443,1865,172,2037,1865,2037,0,0,0,1865,0,0,172,1,18.5266,18.5266,3.42697,3.42697,1981,186,2167,1981,2167,0,0,0,1981,0,0,186,1,22.4041,22.4041,3.44001,3.44001,2166,181,2347,2166,2347,0,0,0,2166,0,0,181,1,27.0886,27.0886,3.45525,3.45525,2414,157,2571,2414,2571,0,0,0,2414,0,0,157,1,33.0831,33.0831,3.47205,3.47205,2548,172,2720,2548,2720,0,0,0,2548,0,0,172,1,40.234,40.234,3.49113,3.49113,2802,142,2944,2802,2944,0,0,0,2802,0,0,142,1,49.3057,49.3057,3.51109,3.51109,2972,133,3105,2972,3105,0,0,0,2972,0,0,133,1,60.8977,60.8977,3.53388,3.53388,2978,172,3150,2978,3150,0,0,0,2978,0,0,172,1,74.6972,74.6972,3.55932,3.55932,3277,161,3438,3277,3438,0,0,0,3277,0,0,161,1,92.8981,92.8981,3.5844,3.5844
2.66667,64,3840,58,11,69,58,69,0,0,0,58,0,0,11,1,5.35378,5.35378,3.25816,3.25816,193,25,218,193,218,0,0,0,193,0,0,25,1,5.48434,5.48434,3.25645,3.25645,316,51,367,316,367,0,0,0,316,0,0,51,1,5.75159,5.75159,3.25803,3.25803,450,60,510,450,510,0,0,0,450,0,0,60,1,6.15282,6.15282,3.26037,3.26037,576,61,637,576,637,0,0,0,576,0,0,61,1,6.69838,6.69838,3.26328,3.26328,683,98,781,683,781,0,0,0,683,0,0,98,1,7.4759,7.4759,3.26793,3.26793,810,94,904,810,904,0,0,0,810,0,0,94,1,8.45664,8.45664,3.27351,3.27351,905,125,1030,905,1030,0,0,0,905,0,0,125,1,9.68108,9.68108,3.27986,3.27986,1141,146,1287,1141,1287,0,0,0,1141,0,0,146,1,11.1942,11.1942,3.28752,3.28752,1390,149,1539,1390,1539,0,0,0,1390,0,0,149,1,13.1259,13.1259,3.29496,3.29496,1730,158,1888,1730,1888,0,0,0,1730,0,0,158,1,15.4089,15.4089,3.30405,3.30405,1891,177,2068,1891,2068,0,0,0,1891,0,0,177,1,18.2922,18.2922,3.316,3.316,2005,189,2194,2005,2194,0,0,0,2005,0,0,189,1,22.1479,22.1479,3.32856,3.32856,2194,184,2378,2194,2378,0,0,0,2194,0,0,184,1,26.8044,26.8044,3.3433,3.3433,2460,161,2621,2460,2621,0,0,0,2460,0,0,161,1,32.7722,32.7722,3.3595,3.3595,2599,178,2777,2599,2777,0,0,0,2599,0,0,178,1,39.921,39.921,3.37796,3.37796,2854,148,3002,2854,3002,0,0,0,2854,0,0,148,1,48.9523,48.9523,3.39737,3.39737,3034,135,3169,3034,3169,0,0,0,3034,0,0,135,1,60.5665,60.5665,3.41955,3.41955,3024,177,3201,3024,3201,0,0,0,3024,0,0,177,1,74.4347,74.4347,3.44415,3.44415,3329,164,3493,3329,3493,0,0,0,3329,0,0,164,1,92.5787,92.5787,3.46882,3.46882
2.70833,65,3900,58,11,69,58,69,0,0,0,58,0,0,11,1,5.28199,5.28199,3.15336,3.15336,193,25,218,193,218,0,0,0,193,0,0,25,1,5.41026,5.41026,3.15165,3.15165,316,51,367,316,367,0,0,0,316,0,0,51,1,5.67384,5.67384,3.15313,3.15313,449,61,510,449,510,0,0,0,449,0,0,61,1,6.06936,6.06936,3.15531,3.15531,576,61,637,576,637,0,0,0,576,0,0,61,1,6.60651,6.60651,3.15801,3.15801,683,98,781,683,781,0,0,0,683,0,0,98,1,7.37256,7.37256,3.16238,3.16238,808,96,904,808,904,0,0,0,808,0,0,96,1,8.33826,8.33826,3.1676,3.1676,904,126,1030,904,1030,0,0,0,904,0,0,126,1,9.54355,9.54355,3.17354,3.17354,1140,147,1287,1140,1287,0,0,0,1140,0,0,147,1,11.0343,11.0343,3.18075,3.18075,1391,149,1540,1391,1540,0,0,0,1391,0,0,149,1,12.938,12.938,3.18766,3.18766,1763,162,1925,1763,1925,0,0,0,1763,0,0,162,1,15.1905,15.1905,3.19626,3.19626,1923,178,2101,1923,2101,0,0,0,1923,0,0,178,1,18.0329,18.0329,3.20762,3.20762,2042,191,2233,2042,2233,0,0,0,2042,0,0,191,1,21.8763,21.8763,3.2198,3.2198,2218,188,2406,2218,2406,0,0,0,2218,0,0,188,1,26.4891,26.4891,3.23392,3.23392,2493,165,2658,2493,2658,0,0,0,2493,0,0,165,1,32.4385,32.4385,3.24954,3.24954,2649,179,2828,2649,2828,0,0,0,2649,0,0,179,1,39.5472,39.5472,3.26741,3.26741,2908,151,3059,2908,3059,0,0,0,2908,0,0,151,1,48.5726,48.5726,3.28631,3.28631,3078,137,3215,3078,3215,0,0,0,3078,0,0,137,1,60.1758,60.1758,3.30775,3.30775,3084,180,3264,3084,3264,0,0,0,3084,0,0,180,1,74.0897,74.0897,3.33182,3.33182,3386,167,3553,3386,3553,0,0,0,3386,0,0,167,1,92.2702,92.2702,3.35588,3.35588
2.75,66,3960,58,11,69,58,69,0,0,0,58,0,0,11,1,5.20754,5.20754,3.05101,3.05101,192,26,218,192,218,0,0,0,192,0,0,26,1,5.33639,5.33639,3.04932,3.04932,316,51,367,316,367,0,0,0,316,0,0,51,1,5.59509,5.59509,3.05067,3.05067,449,61,510,449,510,0,0,0,449,0,0,61,1,5.98399,5.98399,3.05269,3.05269,575,62,637,575,637,0,0,0,575,0,0,62,1,6.51363,6.51363,3.0552,3.0552,681,100,781,681,781,0,0,0,681,0,0,100,1,7.26784,7.26784,3.05928,3.05928,805,99,904,805,904,0,0,0,805,0,0,99,1,8.21786,8.21786,3.06414,3.06414,904,126,1030,904,1030,0,0,0,904,0,0,126,1,9.40318,9.40318,3.06967,3.06967,1140,147,1287,1140,1287,0,0,0,1140,0,0,147,1,10.87,10.87,3.07644,3.07644,1397,150,1547,1397,1547,0,0,0,1397,0,0,150,1,12.7489,12.7489,3.08287,3.08287,1789,168,1957,1789,1957,0,0,0,1789,0,0,168,1,14.9612,14.9612,3.09095,3.09095,1950,182,2132,1950,2132,0,0,0,1950,0,0,182,1,17.782,17.782,3.10175,3.10175,2096,193,2289,2096,2289,0,0,0,2096,0,0,193,1,21.5893,21.5893,3.11339,3.11339,2250,192,2442,2250,2442,0,0,0,2250,0,0,192,1,26.1538,26.1538,3.12697,3.12697,2525,168,2693,2525,2693,0,0,0,2525,0,0,168,1,32.0833,32.0833,3.14209,3.14209,2697,182,2879,2697,2879,0,0,0,2697,0,0,182,1,39.1801,39.1801,3.1594,3.1594,2959,154,3113,2959,3113,0,0,0,2959,0,0,154,1,48.1653,48.1653,3.17765,3.17765,3135,139,3274,3135,3274,0,0,0,3135,0,0,139,1,59.7656,59.7656,3.19872,3.19872,3145,183,3328,3145,3328,0,0,0,3145,0,0,183,1,73.731,73.731,3.22197,3.22197,3451,170,3621,3451,3621,0,0,0,3451,0,0,170,1,91.9427,91.9427,3.24555,3.24555
2.79167,67,4020,58,11,69,58,69,0,0,0,58,0,0,11,1,5.13037,5.13037,2.95096,2.95096,192,26,218,192,218,0,0,0,192,0,0,26,1,5.25807,5.25807,2.9493,2.9493,315,52,367,315,367,0,0,0,315,0,0,52,1,5.51266,5.51266,2.95055,2.95055,448,62,510,448,510,0,0,0,448,0,0,62,1,5.89473,5.89473,2.9524,2.9524,575,62,637,575,637,0,0,0,575,0,0,62,1,6.41632,6.41632,2.95472,2.95472,681,100,781,681,781,0,0,0,681,0,0,100,1,7.15799,7.15799,2.95853,2.95853,802,102,904,802,904,0,0,0,802,0,0,102,1,8.09318,8.09318,2.96307,2.96307,904,126,1030,904,1030,0,0,0,904,0,0,126,1,9.25787,9.25787,2.9682,2.9682,1138,149,1287,1138,1287,0,0,0,1138,0,0,149,1,10.7015,10.7015,2.97454,2.97454,1396,153,1549,1396,1549,0,0,0,1396,0,0,153,1,12.551,12.551,2.9805,2.9805,1812,170,1982,1812,1982,0,0,0,1812,0,0,170,1,14.7303,14.7303,2.98806,2.98806,1985,184,2169,1985,2169,0,0,0,1985,0,0,184,1,17.5097,17.5097,2.99834,2.99834,2142,194,2336,2142,2336,0,0,0,2142,0,0,194,1,21.2911,21.2911,3.00947,3.00947,2287,197,2484,2287,2484,0,0,0,2287,0,0,197,1,25.8226,25.8226,3.02255,3.02255,2567,175,2742,2567,2742,0,0,0,2567,0,0,175,1,31.7102,31.7102,3.03712,3.03712,2728,184,2912,2728,2912,0,0,0,2728,0,0,184,1,38.7867,38.7867,3.05392,3.05392,3007,158,3165,3007,3165,0,0,0,3007,0,0,158,1,47.7777,47.7777,3.0716,3.0716,3197,143,3340,3197,3340,0,0,0,3197,0,0,143,1,59.3422,59.3422,3.09204,3.09204,3212,185,3397,3212,3397,0,0,0,3212,0,0,185,1,73.3087,73.3087,3.11476,3.11476,3526,174,3700,3526,3700,0,0,0,3526,0,0,174,1,91.6059,91.6059,3.13767,3.13767
2.83333,68,4080,58,11,69,58,69,0,0,0,58,0,0,11,1,5.05288,5.05288,2.8532,2.8532,192,26,218,192,218,0,0,0,192,0,0,26,1,5.18112,5.18112,2.8516,2.8516,313,54,367,313,367,0,0,0,313,0,0,54,1,5.43173,5.43173,2.85275,2.85275,448,62,510,448,510,0,0,0,448,0,0,62,1,5.80723,5.80723,2.85445,2.85445,573,64,637,573,637,0,0,0,573,0,0,64,1,6.32135,6.32135,2.85661,2.85661,679,102,781,679,781,0,0,0,679,0,0,102,1,7.04962,7.04962,2.86014,2.86014,801,103,904,801,904,0,0,0,801,0,0,103,1,7.96944,7.96944,2.86435,2.86435,903,127,1030,903,1030,0,0,0,903,0,0,127,1,9.11338,9.11338,2.8691,2.8691,1135,151,1286,1135,1286,0,0,0,1135,0,0,151,1,10.5324,10.5324,2.87502,2.87502,1402,154,1556,1402,1556,0,0,0,1402,0,0,154,1,12.3586,12.3586,2.88051,2.88051,1821,174,1995,1821,1995,0,0,0,1821,0,0,174,1,14.5059,14.5059,2.88765,2.88765,2023,188,2211,2023,2211,0,0,0,2023,0,0,188,1,17.2446,17.2446,2.89731,2.89731,2177,200,2377,2177,2377,0,0,0,2177,0,0,200,1,20.9935,20.9935,2.90799,2.90799,2325,199,2524,2325,2524,0,0,0,2325,0,0,199,1,25.4929,25.4929,2.92059,2.92059,2608,177,2785,2608,2785,0,0,0,2608,0,0,177,1,31.3538,31.3538,2.93458,2.93458,2769,188,2957,2769,2957,0,0,0,2769,0,0,188,1,38.4068,38.4068,2.95087,2.95087,3061,165,3226,3061,3226,0,0,0,3061,0,0,165,1,47.3622,47.3622,2.96802,2.96802,3241,150,3391,3241,3391,0,0,0,3241,0,0,150,1,58.938,58.938,2.98784,2.98784,3278,187,3465,3278,3465,0,0,0,3278,0,0,187,1,72.8991,72.8991,3.01,3.01,3578,178,3756,3578,3756,0,0,0,3578,0,0,178,1,91.2702,91.2702,3.0323,3.0323
2.875,69,4140,58,11,69,58,69,0,0,0,58,0,0,11,1,4.97162,4.97162,2.75773,2.75773,191,27,218,191,218,0,0,0,191,0,0,27,1,5.09817,5.09817,2.75617,2.75617,313,54,367,313,367,0,0,0,313,0,0,54,1,5.3437,5.3437,2.75722,2.75722,448,62,510,448,510,0,0,0,448,0,0,62,1,5.71252,5.71252,2.75877,2.75877,573,64,637,573,637,0,0,0,573,0,0,64,1,6.21749,6.21749,2.76075,2.76075,678,103,781,678,781,0,0,0,678,0,0,103,1,6.933,6.933,2.76401,2.76401,800,104,904,800,904,0,0,0,800,0,0,104,1,7.83677,7.83677,2.76791,2.76791,903,127,1030,903,1030,0,0,0,903,0,0,127,1,8.96032,8.96032,2.7723,2.7723,1132,154,1286,1132,1286,0,0,0,1132,0,0,154,1,10.3546,10.3546,2.77781,2.77781,1403,156,1559,1403,1559,0,0,0,1403,0,0,156,1,12.1532,12.1532,2.78288,2.78288,1842,175,2017,1842,2017,0,0,0,1842,0,0,175,1,14.2637,14.2637,2.78956,2.78956,2061,192,2253,2061,2253,0,0,0,2061,0,0,192,1,16.9688,16.9688,2.79862,2.79862,2224,201,2425,2224,2425,0,0,0,2224,0,0,201,1,20.6735,20.6735,2.80881,2.80881,2363,203,2566,2363,2566,0,0,0,2363,0,0,203,1,25.148,25.148,2.82095,2.82095,2645,182,2827,2645,2827,0,0,0,2645,0,0,182,1,30.9783,30.9783,2.83444,2.83444,2827,190,3017,2827,3017,0,0,0,2827,0,0,190,1,37.9966,37.9966,2.85025,2.85025,3115,168,3283,3115,3283,0,0,0,3115,0,0,168,1,46.9192,46.9192,2.8669,2.8669,3295,157,3452,3295,3452,0,0,0,3295,0,0,157,1,58.5068,58.5068,2.88608,2.88608,3327,191,3518,3327,3518,0,0,0,3327,0,0,191,1,72.4939,72.4939,2.9076,2.9076,3654,180,3834,3654,3834,0,0,0,3654,0,0,180,1,90.9008,90.9008,2.9295,2.9295
2.91667,70,4200,58,11,69,58,69,0,0,0,58,0,0,11,1,4.89386,4.89386,2.66449,2.66449,191,27,218,191,218,0,0,0,191,0,0,27,1,5.01677,5.01677,2.66295,2.66295,313,54,367,313,367,0,0,0,313,0,0,54,1,5.25836,5.25836,2.66391,2.66391,446,64,510,446,510,0,0,0,446,0,0,64,1,5.62168,5.62168,2.66533,2.66533,571,66,637,571,637,0,0,0,571,0,0,66,1,6.11731,6.11731,2.66714,2.66714,677,104,781,677,781,0,0,0,677,0,0,104,1,6.81996,6.81996,2.67014,2.67014,800,104,904,800,904,0,0,0,800,0,0,104,1,7.70721,7.70721,2.67375,2.67375,902,128,1030,902,1030,0,0,0,902,0,0,128,1,8.81063,8.81063,2.67778,2.67778,1128,158,1286,1128,1286,0,0,0,1128,0,0,158,1,10.1805,10.1805,2.68289,2.68289,1401,158,1559,1401,1559,0,0,0,1401,0,0,158,1,11.9458,11.9458,2.68753,2.68753,1862,178,2040,1862,2040,0,0,0,1862,0,0,178,1,14.026,14.026,2.69372,2.69372,2095,195,2290,2095,2290,0,0,0,2095,0,0,195,1,16.6864,16.6864,2.70224,2.70224,2253,206,2459,2253,2459,0,0,0,2253,0,0,206,1,20.3609,20.3609,2.71201,2.71201,2394,204,2598,2394,2598,0,0,0,2394,0,0,204,1,24.7942,24.7942,2.72356,2.72356,2710,185,2895,2710,2895,0,0,0,2710,0,0,185,1,30.5872,30.5872,2.73659,2.73659,2871,197,3068,2871,3068,0,0,0,2871,0,0,197,1,37.5733,37.5733,2.7519,2.7519,3172,172,3344,3172,3344,0,0,0,3172,0,0,172,1,46.4732,46.4732,2.76815,2.76815,3349,160,3509,3349,3509,0,0,0,3349,0,0,160,1,58.0417,58.0417,2.78668,2.78668,3375,194,3569,3375,3569,0,0,0,3375,0,0,194,1,72.0669,72.0669,2.80759,2.80759,3714,182,3896,3714,3896,0,0,0,3714,0,0,182,1,90.5907,90.5907,2.82893,2.82893
2.95833,71,4260,58,11,69,58,69,0,0,0,58,0,0,11,1,4.81639,4.81639,2.57348,2.57348,191,27,218,191,218,0,0,0,191,0,0,27,1,4.93646,4.93646,2.57194,2.57194,312,55,367,312,367,0,0,0,312,0,0,55,1,5.17395,5.17395,2.57281,2.57281,445,65,510,445,510,0,0,0,445,0,0,65,1,5.53097,5.53097,2.57411,2.57411,571,66,637,571,637,0,0,0,571,0,0,66,1,6.01764,6.01764,2.57575,2.57575,675,106,781,675,781,0,0,0,675,0,0,106,1,6.70795,6.70795,2.57851,2.57851,797,107,904,797,904,0,0,0,797,0,0,107,1,7.57855,7.57855,2.58181,2.58181,901,129,1030,901,1030,0,0,0,901,0,0,129,1,8.66076,8.66076,2.58549,2.58549,1125,161,1286,1125,1286,0,0,0,1125,0,0,161,1,10.006,10.006,2.59021,2.59021,1398,162,1560,1398,1560,0,0,0,1398,0,0,162,1,11.7397,11.7397,2.59442,2.59442,1870,184,2054,1870,2054,0,0,0,1870,0,0,184,1,13.7928,13.7928,2.60016,2.60016,2143,195,2338,2143,2338,0,0,0,2143,0,0,195,1,16.4049,16.4049,2.60822,2.60822,2286,211,2497,2286,2497,0,0,0,2286,0,0,211,1,20.0335,20.0335,2.61739,2.61739,2456,206,2662,2456,2662,0,0,0,2456,0,0,206,1,24.4395,24.4395,2.62855,2.62855,2755,189,2944,2755,2944,0,0,0,2755,0,0,189,1,30.1918,30.1918,2.64101,2.64101,2906,200,3106,2906,3106,0,0,0,2906,0,0,200,1,37.1363,37.1363,2.65588,2.65588,3228,176,3404,3228,3404,0,0,0,3228,0,0,176,1,46.0146,46.0146,2.67155,2.67155,3396,164,3560,3396,3560,0,0,0,3396,0,0,164,1,57.5733,57.5733,2.68964,2.68964,3433,197,3630,3433,3630,0,0,0,3433,0,0,197,1,71.6558,71.6558,2.70984,2.70984,3779,189,3968,3779,3968,0,0,0,3779,0,0,189,1,90.2003,90.2003,2.73086,2.73086
3,72,4320,58,11,69,58,69,0,0,0,58,0,0,11,1,4.73621,4.73621,2.48461,2.48461,190,28,218,190,218,0,0,0,190,0,0,28,1,4.85567,4.85567,2.48309,2.48309,312,55,367,312,367,0,0,0,312,0,0,55,1,5.08855,5.08855,2.48387,2.48387,444,66,510,444,510,0,0,0,444,0,0,66,1,5.43905,5.43905,2.48505,2.48505,570,67,637,570,637,0,0,0,570,0,0,67,1,5.91743,5.91743,2.48652,2.48652,673,108,781,673,781,0,0,0,673,0,0,108,1,6.59448,6.59448,2.48905,2.48905,794,110,904,794,904,0,0,0,794,0,0,110,1,7.44944,7.44944,2.49207,2.49207,899,131,1030,899,1030,0,0,0,899,0,0,131,1,8.51113,8.51113,2.49541,2.49541,1122,164,1286,1122,1286,0,0,0,1122,0,0,164,1,9.83019,9.83019,2.49976,2.49976,1398,162,1560,1398,1560,0,0,0,1398,0,0,162,1,11.5305,11.5305,2.50354,2.50354,1880,189,2069,1880,2069,0,0,0,1880,0,0,189,1,13.5516,13.5516,2.50882,2.50882,2185,200,2385,2185,2385,0,0,0,2185,0,0,200,1,16.1237,16.1237,2.51633,2.51633,2321,216,2537,2321,2537,0,0,0,2321,0,0,216,1,19.7031,19.7031,2.52506,2.52506,2496,208,2704,2496,2704,0,0,0,2496,0,0,208,1,24.0722,24.0722,2.53582,2.53582,2805,192,2997,2805,2997,0,0,0,2805,0,0,192,1,29.8158,29.8158,2.54772,2.54772,2953,206,3159,2953,3159,0,0,0,2953,0,0,206,1,36.6995,36.6995,2.56208,2.56208,3285,181,3466,3285,3466,0,0,0,3285,0,0,181,1,45.5857,45.5857,2.57734,2.57734,3445,167,3612,3445,3612,0,0,0,3445,0,0,167,1,57.1265,57.1265,2.59486,2.59486,3489,199,3688,3489,3688,0,0,0,3489,0,0,199,1,71.1924,71.1924,2.61457,2.61457,3820,195,4015,3820,4015,0,0,0,3820,0,0,195,1,89.8257,89.8257,2.63506,2.63506
